countryiso3code,date,value,obs_status,decimal,indicator_id,indicator_name,country_id,country_name
ARB,2018,419790588.0,,0,SP.POP.TOTL,"Population, total",1A,Arab World
CSS,2018,7358965.0,,0,SP.POP.TOTL,"Population, total",S3,Caribbean small states
CEB,2018,102511922.0,,0,SP.POP.TOTL,"Population, total",B8,Central Europe and the Baltics
EAR,2018,3249140605.0,,0,SP.POP.TOTL,"Population, total",V2,Early-demographic dividend
EAS,2018,2328220870.0,,0,SP.POP.TOTL,"Population, total",Z4,East Asia & Pacific
EAP,2018,2081651801.0,,0,SP.POP.TOTL,"Population, total",4E,East Asia & Pacific (excluding high income)
TEA,2018,2056064424.0,,0,SP.POP.TOTL,"Population, total",T4,East Asia & Pacific (IDA & IBRD countries)
EMU,2018,341783171.0,,0,SP.POP.TOTL,"Population, total",XC,Euro area
ECS,2018,918793590.0,,0,SP.POP.TOTL,"Population, total",Z7,Europe & Central Asia
ECA,2018,417797257.0,,0,SP.POP.TOTL,"Population, total",7E,Europe & Central Asia (excluding high income)
TEC,2018,459865205.0,,0,SP.POP.TOTL,"Population, total",T7,Europe & Central Asia (IDA & IBRD countries)
EUU,2018,446786293.0,,0,SP.POP.TOTL,"Population, total",EU,European Union
FCS,2018,743958386.0,,0,SP.POP.TOTL,"Population, total",F1,Fragile and conflict affected situations
HPC,2018,780234406.0,,0,SP.POP.TOTL,"Population, total",XE,Heavily indebted poor countries (HIPC)
,2018,1210312147.0,,0,SP.POP.TOTL,"Population, total",XD,High income
IBD,2018,4772284113.0,,0,SP.POP.TOTL,"Population, total",XF,IBRD only
IBT,2018,6412522234.0,,0,SP.POP.TOTL,"Population, total",ZT,IDA & IBRD total
IDB,2018,555830605.0,,0,SP.POP.TOTL,"Population, total",XH,IDA blend
IDX,2018,1084407516.0,,0,SP.POP.TOTL,"Population, total",XI,IDA only
IDA,2018,1640238121.0,,0,SP.POP.TOTL,"Population, total",XG,IDA total
LTE,2018,2288665963.0,,0,SP.POP.TOTL,"Population, total",V3,Late-demographic dividend
LCN,2018,641357515.0,,0,SP.POP.TOTL,"Population, total",ZJ,Latin America & Caribbean
LAC,2018,609013934.0,,0,SP.POP.TOTL,"Population, total",XJ,Latin America & Caribbean (excluding high income)
TLA,2018,625569713.0,,0,SP.POP.TOTL,"Population, total",T2,Latin America & the Caribbean (IDA & IBRD countries)
LDC,2018,1009662578.0,,0,SP.POP.TOTL,"Population, total",XL,Least developed countries: UN classification
LMY,2018,6383958209.0,,0,SP.POP.TOTL,"Population, total",XO,Low & middle income
,2018,705417321.0,,0,SP.POP.TOTL,"Population, total",XM,Low income
,2018,3022905169.0,,0,SP.POP.TOTL,"Population, total",XN,Lower middle income
MEA,2018,448912859.0,,0,SP.POP.TOTL,"Population, total",ZQ,Middle East & North Africa
MNA,2018,382896715.0,,0,SP.POP.TOTL,"Population, total",XQ,Middle East & North Africa (excluding high income)
TMN,2018,378327628.0,,0,SP.POP.TOTL,"Population, total",T3,Middle East & North Africa (IDA & IBRD countries)
MIC,2018,5678540888.0,,0,SP.POP.TOTL,"Population, total",XP,Middle income
NAC,2018,364290258.0,,0,SP.POP.TOTL,"Population, total",XU,North America
OED,2018,1303529456.0,,0,SP.POP.TOTL,"Population, total",OE,OECD members
OSS,2018,30758989.0,,0,SP.POP.TOTL,"Population, total",S4,Other small states
PSS,2018,2457367.0,,0,SP.POP.TOTL,"Population, total",S2,Pacific island small states
PST,2018,1109997273.0,,0,SP.POP.TOTL,"Population, total",V4,Post-demographic dividend
PRE,2018,919485393.0,,0,SP.POP.TOTL,"Population, total",V1,Pre-demographic dividend
SST,2018,40575321.0,,0,SP.POP.TOTL,"Population, total",S1,Small states
SAS,2018,1814388744.0,,0,SP.POP.TOTL,"Population, total",8S,South Asia
TSA,2018,1814388744.0,,0,SP.POP.TOTL,"Population, total",T5,South Asia (IDA & IBRD)
SSF,2018,1078306520.0,,0,SP.POP.TOTL,"Population, total",ZG,Sub-Saharan Africa
SSA,2018,1078209758.0,,0,SP.POP.TOTL,"Population, total",ZF,Sub-Saharan Africa (excluding high income)
TSS,2018,1078306520.0,,0,SP.POP.TOTL,"Population, total",T6,Sub-Saharan Africa (IDA & IBRD countries)
,2018,2655635719.0,,0,SP.POP.TOTL,"Population, total",XT,Upper middle income
WLD,2018,7594270356.0,,0,SP.POP.TOTL,"Population, total",1W,World
AFG,2018,37172386.0,,0,SP.POP.TOTL,"Population, total",AF,Afghanistan
ALB,2018,2866376.0,,0,SP.POP.TOTL,"Population, total",AL,Albania
DZA,2018,42228429.0,,0,SP.POP.TOTL,"Population, total",DZ,Algeria
ASM,2018,55465.0,,0,SP.POP.TOTL,"Population, total",AS,American Samoa
AND,2018,77006.0,,0,SP.POP.TOTL,"Population, total",AD,Andorra
AGO,2018,30809762.0,,0,SP.POP.TOTL,"Population, total",AO,Angola
ATG,2018,96286.0,,0,SP.POP.TOTL,"Population, total",AG,Antigua and Barbuda
ARG,2018,44494502.0,,0,SP.POP.TOTL,"Population, total",AR,Argentina
ARM,2018,2951776.0,,0,SP.POP.TOTL,"Population, total",AM,Armenia
ABW,2018,105845.0,,0,SP.POP.TOTL,"Population, total",AW,Aruba
AUS,2018,24982688.0,,0,SP.POP.TOTL,"Population, total",AU,Australia
AUT,2018,8840521.0,,0,SP.POP.TOTL,"Population, total",AT,Austria
AZE,2018,9939800.0,,0,SP.POP.TOTL,"Population, total",AZ,Azerbaijan
BHS,2018,385640.0,,0,SP.POP.TOTL,"Population, total",BS,"Bahamas, The"
BHR,2018,1569439.0,,0,SP.POP.TOTL,"Population, total",BH,Bahrain
BGD,2018,161356039.0,,0,SP.POP.TOTL,"Population, total",BD,Bangladesh
BRB,2018,286641.0,,0,SP.POP.TOTL,"Population, total",BB,Barbados
BLR,2018,9483499.0,,0,SP.POP.TOTL,"Population, total",BY,Belarus
BEL,2018,11433256.0,,0,SP.POP.TOTL,"Population, total",BE,Belgium
BLZ,2018,383071.0,,0,SP.POP.TOTL,"Population, total",BZ,Belize
BEN,2018,11485048.0,,0,SP.POP.TOTL,"Population, total",BJ,Benin
BMU,2018,63973.0,,0,SP.POP.TOTL,"Population, total",BM,Bermuda
BTN,2018,754394.0,,0,SP.POP.TOTL,"Population, total",BT,Bhutan
BOL,2018,11353142.0,,0,SP.POP.TOTL,"Population, total",BO,Bolivia
BIH,2018,3323929.0,,0,SP.POP.TOTL,"Population, total",BA,Bosnia and Herzegovina
BWA,2018,2254126.0,,0,SP.POP.TOTL,"Population, total",BW,Botswana
BRA,2018,209469333.0,,0,SP.POP.TOTL,"Population, total",BR,Brazil
VGB,2018,29802.0,,0,SP.POP.TOTL,"Population, total",VG,British Virgin Islands
BRN,2018,428962.0,,0,SP.POP.TOTL,"Population, total",BN,Brunei Darussalam
BGR,2018,7025037.0,,0,SP.POP.TOTL,"Population, total",BG,Bulgaria
BFA,2018,19751535.0,,0,SP.POP.TOTL,"Population, total",BF,Burkina Faso
BDI,2018,11175378.0,,0,SP.POP.TOTL,"Population, total",BI,Burundi
CPV,2018,543767.0,,0,SP.POP.TOTL,"Population, total",CV,Cabo Verde
KHM,2018,16249798.0,,0,SP.POP.TOTL,"Population, total",KH,Cambodia
CMR,2018,25216237.0,,0,SP.POP.TOTL,"Population, total",CM,Cameroon
CAN,2018,37057765.0,,0,SP.POP.TOTL,"Population, total",CA,Canada
CYM,2018,64174.0,,0,SP.POP.TOTL,"Population, total",KY,Cayman Islands
CAF,2018,4666377.0,,0,SP.POP.TOTL,"Population, total",CF,Central African Republic
TCD,2018,15477751.0,,0,SP.POP.TOTL,"Population, total",TD,Chad
CHI,2018,170499.0,,0,SP.POP.TOTL,"Population, total",JG,Channel Islands
CHL,2018,18729160.0,,0,SP.POP.TOTL,"Population, total",CL,Chile
CHN,2018,1392730000.0,,0,SP.POP.TOTL,"Population, total",CN,China
COL,2018,49648685.0,,0,SP.POP.TOTL,"Population, total",CO,Colombia
COM,2018,832322.0,,0,SP.POP.TOTL,"Population, total",KM,Comoros
COD,2018,84068091.0,,0,SP.POP.TOTL,"Population, total",CD,"Congo, Dem. Rep."
COG,2018,5244363.0,,0,SP.POP.TOTL,"Population, total",CG,"Congo, Rep."
CRI,2018,4999441.0,,0,SP.POP.TOTL,"Population, total",CR,Costa Rica
CIV,2018,25069229.0,,0,SP.POP.TOTL,"Population, total",CI,Cote d'Ivoire
HRV,2018,4087843.0,,0,SP.POP.TOTL,"Population, total",HR,Croatia
CUB,2018,11338138.0,,0,SP.POP.TOTL,"Population, total",CU,Cuba
CUW,2018,159800.0,,0,SP.POP.TOTL,"Population, total",CW,Curacao
CYP,2018,1189265.0,,0,SP.POP.TOTL,"Population, total",CY,Cyprus
CZE,2018,10629928.0,,0,SP.POP.TOTL,"Population, total",CZ,Czech Republic
DNK,2018,5793636.0,,0,SP.POP.TOTL,"Population, total",DK,Denmark
DJI,2018,958920.0,,0,SP.POP.TOTL,"Population, total",DJ,Djibouti
DMA,2018,71625.0,,0,SP.POP.TOTL,"Population, total",DM,Dominica
DOM,2018,10627165.0,,0,SP.POP.TOTL,"Population, total",DO,Dominican Republic
ECU,2018,17084357.0,,0,SP.POP.TOTL,"Population, total",EC,Ecuador
EGY,2018,98423595.0,,0,SP.POP.TOTL,"Population, total",EG,"Egypt, Arab Rep."
SLV,2018,6420744.0,,0,SP.POP.TOTL,"Population, total",SV,El Salvador
GNQ,2018,1308974.0,,0,SP.POP.TOTL,"Population, total",GQ,Equatorial Guinea
ERI,2011,3213972.0,,0,SP.POP.TOTL,"Population, total",ER,Eritrea
EST,2018,1321977.0,,0,SP.POP.TOTL,"Population, total",EE,Estonia
SWZ,2018,1136191.0,,0,SP.POP.TOTL,"Population, total",SZ,Eswatini
ETH,2018,109224559.0,,0,SP.POP.TOTL,"Population, total",ET,Ethiopia
FRO,2018,48497.0,,0,SP.POP.TOTL,"Population, total",FO,Faroe Islands
FJI,2018,883483.0,,0,SP.POP.TOTL,"Population, total",FJ,Fiji
FIN,2018,5515525.0,,0,SP.POP.TOTL,"Population, total",FI,Finland
FRA,2018,66977107.0,,0,SP.POP.TOTL,"Population, total",FR,France
PYF,2018,277679.0,,0,SP.POP.TOTL,"Population, total",PF,French Polynesia
GAB,2018,2119275.0,,0,SP.POP.TOTL,"Population, total",GA,Gabon
GMB,2018,2280102.0,,0,SP.POP.TOTL,"Population, total",GM,"Gambia, The"
GEO,2018,3726549.0,,0,SP.POP.TOTL,"Population, total",GE,Georgia
DEU,2018,82905782.0,,0,SP.POP.TOTL,"Population, total",DE,Germany
GHA,2018,29767108.0,,0,SP.POP.TOTL,"Population, total",GH,Ghana
GIB,2018,33718.0,,0,SP.POP.TOTL,"Population, total",GI,Gibraltar
GRC,2018,10731726.0,,0,SP.POP.TOTL,"Population, total",GR,Greece
GRL,2018,56025.0,,0,SP.POP.TOTL,"Population, total",GL,Greenland
GRD,2018,111454.0,,0,SP.POP.TOTL,"Population, total",GD,Grenada
GUM,2018,165768.0,,0,SP.POP.TOTL,"Population, total",GU,Guam
GTM,2018,17247807.0,,0,SP.POP.TOTL,"Population, total",GT,Guatemala
GIN,2018,12414318.0,,0,SP.POP.TOTL,"Population, total",GN,Guinea
GNB,2018,1874309.0,,0,SP.POP.TOTL,"Population, total",GW,Guinea-Bissau
GUY,2018,779004.0,,0,SP.POP.TOTL,"Population, total",GY,Guyana
HTI,2018,11123176.0,,0,SP.POP.TOTL,"Population, total",HT,Haiti
HND,2018,9587522.0,,0,SP.POP.TOTL,"Population, total",HN,Honduras
HKG,2018,7451000.0,,0,SP.POP.TOTL,"Population, total",HK,"Hong Kong SAR, China"
HUN,2018,9775564.0,,0,SP.POP.TOTL,"Population, total",HU,Hungary
ISL,2018,352721.0,,0,SP.POP.TOTL,"Population, total",IS,Iceland
IND,2018,1352617328.0,,0,SP.POP.TOTL,"Population, total",IN,India
IDN,2018,267663435.0,,0,SP.POP.TOTL,"Population, total",ID,Indonesia
IRN,2018,81800269.0,,0,SP.POP.TOTL,"Population, total",IR,"Iran, Islamic Rep."
IRQ,2018,38433600.0,,0,SP.POP.TOTL,"Population, total",IQ,Iraq
IRL,2018,4867309.0,,0,SP.POP.TOTL,"Population, total",IE,Ireland
IMN,2018,84077.0,,0,SP.POP.TOTL,"Population, total",IM,Isle of Man
ISR,2018,8882800.0,,0,SP.POP.TOTL,"Population, total",IL,Israel
ITA,2018,60421760.0,,0,SP.POP.TOTL,"Population, total",IT,Italy
JAM,2018,2934855.0,,0,SP.POP.TOTL,"Population, total",JM,Jamaica
JPN,2018,126529100.0,,0,SP.POP.TOTL,"Population, total",JP,Japan
JOR,2018,9956011.0,,0,SP.POP.TOTL,"Population, total",JO,Jordan
KAZ,2018,18272430.0,,0,SP.POP.TOTL,"Population, total",KZ,Kazakhstan
KEN,2018,51393010.0,,0,SP.POP.TOTL,"Population, total",KE,Kenya
KIR,2018,115847.0,,0,SP.POP.TOTL,"Population, total",KI,Kiribati
PRK,2018,25549819.0,,0,SP.POP.TOTL,"Population, total",KP,"Korea, Dem. Peopleâ€™s Rep."
KOR,2018,51606633.0,,0,SP.POP.TOTL,"Population, total",KR,"Korea, Rep."
XKX,2018,1845300.0,,0,SP.POP.TOTL,"Population, total",XK,Kosovo
KWT,2018,4137309.0,,0,SP.POP.TOTL,"Population, total",KW,Kuwait
KGZ,2018,6322800.0,,0,SP.POP.TOTL,"Population, total",KG,Kyrgyz Republic
LAO,2018,7061507.0,,0,SP.POP.TOTL,"Population, total",LA,Lao PDR
LVA,2018,1927174.0,,0,SP.POP.TOTL,"Population, total",LV,Latvia
LBN,2018,6848925.0,,0,SP.POP.TOTL,"Population, total",LB,Lebanon
LSO,2018,2108132.0,,0,SP.POP.TOTL,"Population, total",LS,Lesotho
LBR,2018,4818977.0,,0,SP.POP.TOTL,"Population, total",LR,Liberia
LBY,2018,6678567.0,,0,SP.POP.TOTL,"Population, total",LY,Libya
LIE,2018,37910.0,,0,SP.POP.TOTL,"Population, total",LI,Liechtenstein
LTU,2018,2801543.0,,0,SP.POP.TOTL,"Population, total",LT,Lithuania
LUX,2018,607950.0,,0,SP.POP.TOTL,"Population, total",LU,Luxembourg
MAC,2018,631636.0,,0,SP.POP.TOTL,"Population, total",MO,"Macao SAR, China"
MDG,2018,26262368.0,,0,SP.POP.TOTL,"Population, total",MG,Madagascar
MWI,2018,18143315.0,,0,SP.POP.TOTL,"Population, total",MW,Malawi
MYS,2018,31528585.0,,0,SP.POP.TOTL,"Population, total",MY,Malaysia
MDV,2018,515696.0,,0,SP.POP.TOTL,"Population, total",MV,Maldives
MLI,2018,19077690.0,,0,SP.POP.TOTL,"Population, total",ML,Mali
MLT,2018,484630.0,,0,SP.POP.TOTL,"Population, total",MT,Malta
MHL,2018,58413.0,,0,SP.POP.TOTL,"Population, total",MH,Marshall Islands
MRT,2018,4403319.0,,0,SP.POP.TOTL,"Population, total",MR,Mauritania
MUS,2018,1265303.0,,0,SP.POP.TOTL,"Population, total",MU,Mauritius
MEX,2018,126190788.0,,0,SP.POP.TOTL,"Population, total",MX,Mexico
FSM,2018,112640.0,,0,SP.POP.TOTL,"Population, total",FM,"Micronesia, Fed. Sts."
MDA,2018,2706049.0,,0,SP.POP.TOTL,"Population, total",MD,Moldova
MCO,2018,38682.0,,0,SP.POP.TOTL,"Population, total",MC,Monaco
MNG,2018,3170208.0,,0,SP.POP.TOTL,"Population, total",MN,Mongolia
MNE,2018,622227.0,,0,SP.POP.TOTL,"Population, total",ME,Montenegro
MAR,2018,36029138.0,,0,SP.POP.TOTL,"Population, total",MA,Morocco
MOZ,2018,29495962.0,,0,SP.POP.TOTL,"Population, total",MZ,Mozambique
MMR,2018,53708395.0,,0,SP.POP.TOTL,"Population, total",MM,Myanmar
NAM,2018,2448255.0,,0,SP.POP.TOTL,"Population, total",NA,Namibia
NRU,2018,12704.0,,0,SP.POP.TOTL,"Population, total",NR,Nauru
NPL,2018,28087871.0,,0,SP.POP.TOTL,"Population, total",NP,Nepal
NLD,2018,17231624.0,,0,SP.POP.TOTL,"Population, total",NL,Netherlands
NCL,2018,284060.0,,0,SP.POP.TOTL,"Population, total",NC,New Caledonia
NZL,2018,4841000.0,,0,SP.POP.TOTL,"Population, total",NZ,New Zealand
NIC,2018,6465513.0,,0,SP.POP.TOTL,"Population, total",NI,Nicaragua
NER,2018,22442948.0,,0,SP.POP.TOTL,"Population, total",NE,Niger
NGA,2018,195874740.0,,0,SP.POP.TOTL,"Population, total",NG,Nigeria
MKD,2018,2082958.0,,0,SP.POP.TOTL,"Population, total",MK,North Macedonia
MNP,2018,56882.0,,0,SP.POP.TOTL,"Population, total",MP,Northern Mariana Islands
NOR,2018,5311916.0,,0,SP.POP.TOTL,"Population, total",NO,Norway
OMN,2018,4829483.0,,0,SP.POP.TOTL,"Population, total",OM,Oman
PAK,2018,212215030.0,,0,SP.POP.TOTL,"Population, total",PK,Pakistan
PLW,2018,17907.0,,0,SP.POP.TOTL,"Population, total",PW,Palau
PAN,2018,4176873.0,,0,SP.POP.TOTL,"Population, total",PA,Panama
PNG,2018,8606316.0,,0,SP.POP.TOTL,"Population, total",PG,Papua New Guinea
PRY,2018,6956071.0,,0,SP.POP.TOTL,"Population, total",PY,Paraguay
PER,2018,31989256.0,,0,SP.POP.TOTL,"Population, total",PE,Peru
PHL,2018,106651922.0,,0,SP.POP.TOTL,"Population, total",PH,Philippines
POL,2018,37974750.0,,0,SP.POP.TOTL,"Population, total",PL,Poland
PRT,2018,10283822.0,,0,SP.POP.TOTL,"Population, total",PT,Portugal
PRI,2018,3195153.0,,0,SP.POP.TOTL,"Population, total",PR,Puerto Rico
QAT,2018,2781677.0,,0,SP.POP.TOTL,"Population, total",QA,Qatar
ROU,2018,19466145.0,,0,SP.POP.TOTL,"Population, total",RO,Romania
RUS,2018,144478050.0,,0,SP.POP.TOTL,"Population, total",RU,Russian Federation
RWA,2018,12301939.0,,0,SP.POP.TOTL,"Population, total",RW,Rwanda
WSM,2018,196130.0,,0,SP.POP.TOTL,"Population, total",WS,Samoa
SMR,2018,33785.0,,0,SP.POP.TOTL,"Population, total",SM,San Marino
STP,2018,211028.0,,0,SP.POP.TOTL,"Population, total",ST,Sao Tome and Principe
SAU,2018,33699947.0,,0,SP.POP.TOTL,"Population, total",SA,Saudi Arabia
SEN,2018,15854360.0,,0,SP.POP.TOTL,"Population, total",SN,Senegal
SRB,2018,6982604.0,,0,SP.POP.TOTL,"Population, total",RS,Serbia
SYC,2018,96762.0,,0,SP.POP.TOTL,"Population, total",SC,Seychelles
SLE,2018,7650154.0,,0,SP.POP.TOTL,"Population, total",SL,Sierra Leone
SGP,2018,5638676.0,,0,SP.POP.TOTL,"Population, total",SG,Singapore
SXM,2018,40654.0,,0,SP.POP.TOTL,"Population, total",SX,Sint Maarten (Dutch part)
SVK,2018,5446771.0,,0,SP.POP.TOTL,"Population, total",SK,Slovak Republic
SVN,2018,2073894.0,,0,SP.POP.TOTL,"Population, total",SI,Slovenia
SLB,2018,652858.0,,0,SP.POP.TOTL,"Population, total",SB,Solomon Islands
SOM,2018,15008154.0,,0,SP.POP.TOTL,"Population, total",SO,Somalia
ZAF,2018,57779622.0,,0,SP.POP.TOTL,"Population, total",ZA,South Africa
SSD,2018,10975920.0,,0,SP.POP.TOTL,"Population, total",SS,South Sudan
ESP,2018,46796540.0,,0,SP.POP.TOTL,"Population, total",ES,Spain
LKA,2018,21670000.0,,0,SP.POP.TOTL,"Population, total",LK,Sri Lanka
KNA,2018,52441.0,,0,SP.POP.TOTL,"Population, total",KN,St. Kitts and Nevis
LCA,2018,181889.0,,0,SP.POP.TOTL,"Population, total",LC,St. Lucia
MAF,2018,37264.0,,0,SP.POP.TOTL,"Population, total",MF,St. Martin (French part)
VCT,2018,110210.0,,0,SP.POP.TOTL,"Population, total",VC,St. Vincent and the Grenadines
SDN,2018,41801533.0,,0,SP.POP.TOTL,"Population, total",SD,Sudan
SUR,2018,575991.0,,0,SP.POP.TOTL,"Population, total",SR,Suriname
SWE,2018,10175214.0,,0,SP.POP.TOTL,"Population, total",SE,Sweden
CHE,2018,8513227.0,,0,SP.POP.TOTL,"Population, total",CH,Switzerland
SYR,2018,16906283.0,,0,SP.POP.TOTL,"Population, total",SY,Syrian Arab Republic
TJK,2018,9100837.0,,0,SP.POP.TOTL,"Population, total",TJ,Tajikistan
TZA,2018,56318348.0,,0,SP.POP.TOTL,"Population, total",TZ,Tanzania
THA,2018,69428524.0,,0,SP.POP.TOTL,"Population, total",TH,Thailand
TLS,2018,1267972.0,,0,SP.POP.TOTL,"Population, total",TL,Timor-Leste
TGO,2018,7889094.0,,0,SP.POP.TOTL,"Population, total",TG,Togo
TON,2018,103197.0,,0,SP.POP.TOTL,"Population, total",TO,Tonga
TTO,2018,1389858.0,,0,SP.POP.TOTL,"Population, total",TT,Trinidad and Tobago
TUN,2018,11565204.0,,0,SP.POP.TOTL,"Population, total",TN,Tunisia
TUR,2018,82319724.0,,0,SP.POP.TOTL,"Population, total",TR,Turkey
TKM,2018,5850908.0,,0,SP.POP.TOTL,"Population, total",TM,Turkmenistan
TCA,2018,37665.0,,0,SP.POP.TOTL,"Population, total",TC,Turks and Caicos Islands
TUV,2018,11508.0,,0,SP.POP.TOTL,"Population, total",TV,Tuvalu
UGA,2018,42723139.0,,0,SP.POP.TOTL,"Population, total",UG,Uganda
UKR,2018,44622516.0,,0,SP.POP.TOTL,"Population, total",UA,Ukraine
ARE,2018,9630959.0,,0,SP.POP.TOTL,"Population, total",AE,United Arab Emirates
GBR,2018,66460344.0,,0,SP.POP.TOTL,"Population, total",GB,United Kingdom
USA,2018,326687501.0,,0,SP.POP.TOTL,"Population, total",US,United States
URY,2018,3449299.0,,0,SP.POP.TOTL,"Population, total",UY,Uruguay
UZB,2018,32955400.0,,0,SP.POP.TOTL,"Population, total",UZ,Uzbekistan
VUT,2018,292680.0,,0,SP.POP.TOTL,"Population, total",VU,Vanuatu
VEN,2018,28870195.0,,0,SP.POP.TOTL,"Population, total",VE,"Venezuela, RB"
VNM,2018,95540395.0,,0,SP.POP.TOTL,"Population, total",VN,Vietnam
VIR,2018,106977.0,,0,SP.POP.TOTL,"Population, total",VI,Virgin Islands (U.S.)
PSE,2018,4569087.0,,0,SP.POP.TOTL,"Population, total",PS,West Bank and Gaza
YEM,2018,28498687.0,,0,SP.POP.TOTL,"Population, total",YE,"Yemen, Rep."
ZMB,2018,17351822.0,,0,SP.POP.TOTL,"Population, total",ZM,Zambia
ZWE,2018,14439018.0,,0,SP.POP.TOTL,"Population, total",ZW,Zimbabwe
ARB,2018,2774314967156.43,,0,NY.GDP.MKTP.CD,GDP (current US$),1A,Arab World
CSS,2018,73523538154.6812,,0,NY.GDP.MKTP.CD,GDP (current US$),S3,Caribbean small states
CEB,2018,1632912822080.02,,0,NY.GDP.MKTP.CD,GDP (current US$),B8,Central Europe and the Baltics
EAR,2018,11638859227436.8,,0,NY.GDP.MKTP.CD,GDP (current US$),V2,Early-demographic dividend
EAS,2018,25942413437360.0,,0,NY.GDP.MKTP.CD,GDP (current US$),Z4,East Asia & Pacific
EAP,2018,16284459791798.2,,0,NY.GDP.MKTP.CD,GDP (current US$),4E,East Asia & Pacific (excluding high income)
TEA,2018,16253261537421.4,,0,NY.GDP.MKTP.CD,GDP (current US$),T4,East Asia & Pacific (IDA & IBRD countries)
EMU,2018,13646587749131.0,,0,NY.GDP.MKTP.CD,GDP (current US$),XC,Euro area
ECS,2018,23068402795298.5,,0,NY.GDP.MKTP.CD,GDP (current US$),Z7,Europe & Central Asia
ECA,2018,3410695054029.32,,0,NY.GDP.MKTP.CD,GDP (current US$),7E,Europe & Central Asia (excluding high income)
TEC,2018,4057330568168.54,,0,NY.GDP.MKTP.CD,GDP (current US$),T7,Europe & Central Asia (IDA & IBRD countries)
EUU,2018,18768076076357.3,,0,NY.GDP.MKTP.CD,GDP (current US$),EU,European Union
FCS,2018,841432963671.601,,0,NY.GDP.MKTP.CD,GDP (current US$),F1,Fragile and conflict affected situations
HPC,2018,729217800806.705,,0,NY.GDP.MKTP.CD,GDP (current US$),XE,Heavily indebted poor countries (HIPC)
,2018,54205741387665.0,,0,NY.GDP.MKTP.CD,GDP (current US$),XD,High income
IBD,2018,30473237070032.2,,0,NY.GDP.MKTP.CD,GDP (current US$),XF,IBRD only
IBT,2018,32695011726223.3,,0,NY.GDP.MKTP.CD,GDP (current US$),ZT,IDA & IBRD total
IDB,2018,993777987034.123,,0,NY.GDP.MKTP.CD,GDP (current US$),XH,IDA blend
IDX,2018,1235803659778.1,,0,NY.GDP.MKTP.CD,GDP (current US$),XI,IDA only
IDA,2018,2229466987792.26,,0,NY.GDP.MKTP.CD,GDP (current US$),XG,IDA total
LTE,2018,22183244483370.7,,0,NY.GDP.MKTP.CD,GDP (current US$),V3,Late-demographic dividend
LCN,2018,5800575821179.99,,0,NY.GDP.MKTP.CD,GDP (current US$),ZJ,Latin America & Caribbean
LAC,2018,5204644664482.81,,0,NY.GDP.MKTP.CD,GDP (current US$),XJ,Latin America & Caribbean (excluding high income)
TLA,2018,5559757932431.6,,0,NY.GDP.MKTP.CD,GDP (current US$),T2,Latin America & the Caribbean (IDA & IBRD countries)
LDC,2018,1064640218766.34,,0,NY.GDP.MKTP.CD,GDP (current US$),XL,Least developed countries: UN classification
LMY,2018,31736202504807.9,,0,NY.GDP.MKTP.CD,GDP (current US$),XO,Low & middle income
,2018,588230486530.751,,0,NY.GDP.MKTP.CD,GDP (current US$),XM,Low income
,2018,6702064695979.28,,0,NY.GDP.MKTP.CD,GDP (current US$),XN,Lower middle income
MEA,2018,3610538547716.1,,0,NY.GDP.MKTP.CD,GDP (current US$),ZQ,Middle East & North Africa
MNA,2017,1439620311552.57,,0,NY.GDP.MKTP.CD,GDP (current US$),XQ,Middle East & North Africa (excluding high income)
TMN,2017,1424901648660.56,,0,NY.GDP.MKTP.CD,GDP (current US$),T3,Middle East & North Africa (IDA & IBRD countries)
MIC,2018,31150055201522.6,,0,NY.GDP.MKTP.CD,GDP (current US$),XP,Middle income
NAC,2018,22264345319868.8,,0,NY.GDP.MKTP.CD,GDP (current US$),XU,North America
OED,2018,52676218073059.5,,0,NY.GDP.MKTP.CD,GDP (current US$),OE,OECD members
OSS,2018,452305794432.791,,0,NY.GDP.MKTP.CD,GDP (current US$),S4,Other small states
PSS,2018,10381220342.9267,,0,NY.GDP.MKTP.CD,GDP (current US$),S2,Pacific island small states
PST,2018,50090289474246.7,,0,NY.GDP.MKTP.CD,GDP (current US$),V4,Post-demographic dividend
PRE,2018,1321566580882.4,,0,NY.GDP.MKTP.CD,GDP (current US$),V1,Pre-demographic dividend
SST,2018,536146593001.887,,0,NY.GDP.MKTP.CD,GDP (current US$),S1,Small states
SAS,2018,3452423671397.97,,0,NY.GDP.MKTP.CD,GDP (current US$),8S,South Asia
TSA,2018,3452423671397.97,,0,NY.GDP.MKTP.CD,GDP (current US$),T5,South Asia (IDA & IBRD)
SSF,2018,1709948446225.32,,0,NY.GDP.MKTP.CD,GDP (current US$),ZG,Sub-Saharan Africa
SSA,2018,1708356764548.15,,0,NY.GDP.MKTP.CD,GDP (current US$),ZF,Sub-Saharan Africa (excluding high income)
TSS,2018,1709948446225.32,,0,NY.GDP.MKTP.CD,GDP (current US$),T6,Sub-Saharan Africa (IDA & IBRD countries)
,2018,24446132587811.4,,0,NY.GDP.MKTP.CD,GDP (current US$),XT,Upper middle income
WLD,2018,85910601849095.8,,0,NY.GDP.MKTP.CD,GDP (current US$),1W,World
AFG,2018,19362969582.3643,,0,NY.GDP.MKTP.CD,GDP (current US$),AF,Afghanistan
ALB,2018,15102500898.238,,0,NY.GDP.MKTP.CD,GDP (current US$),AL,Albania
DZA,2018,173757952824.25,,0,NY.GDP.MKTP.CD,GDP (current US$),DZ,Algeria
ASM,2018,636000000.0,,0,NY.GDP.MKTP.CD,GDP (current US$),AS,American Samoa
AND,2018,3236543909.34844,,0,NY.GDP.MKTP.CD,GDP (current US$),AD,Andorra
AGO,2018,105750987618.63,,0,NY.GDP.MKTP.CD,GDP (current US$),AO,Angola
ATG,2018,1610574074.07407,,0,NY.GDP.MKTP.CD,GDP (current US$),AG,Antigua and Barbuda
ARG,2018,519871519807.795,,0,NY.GDP.MKTP.CD,GDP (current US$),AR,Argentina
ARM,2018,12433089919.0459,,0,NY.GDP.MKTP.CD,GDP (current US$),AM,Armenia
ABW,2017,2700558659.21788,,0,NY.GDP.MKTP.CD,GDP (current US$),AW,Aruba
AUS,2018,1433904348500.12,,0,NY.GDP.MKTP.CD,GDP (current US$),AU,Australia
AUT,2018,455285818035.125,,0,NY.GDP.MKTP.CD,GDP (current US$),AT,Austria
AZE,2018,46939529411.7647,,0,NY.GDP.MKTP.CD,GDP (current US$),AZ,Azerbaijan
BHS,2018,12424500000.0,,0,NY.GDP.MKTP.CD,GDP (current US$),BS,"Bahamas, The"
BHR,2018,37746196808.5106,,0,NY.GDP.MKTP.CD,GDP (current US$),BH,Bahrain
BGD,2018,274024958965.892,,0,NY.GDP.MKTP.CD,GDP (current US$),BD,Bangladesh
BRB,2018,5145000000.0,,0,NY.GDP.MKTP.CD,GDP (current US$),BB,Barbados
BLR,2018,59662495092.2654,,0,NY.GDP.MKTP.CD,GDP (current US$),BY,Belarus
BEL,2018,542761092103.469,,0,NY.GDP.MKTP.CD,GDP (current US$),BE,Belgium
BLZ,2018,1871203164.08274,,0,NY.GDP.MKTP.CD,GDP (current US$),BZ,Belize
BEN,2018,10354274634.9108,,0,NY.GDP.MKTP.CD,GDP (current US$),BJ,Benin
BMU,2013,5573710000.0,,0,NY.GDP.MKTP.CD,GDP (current US$),BM,Bermuda
BTN,2018,2446674101.3737,,0,NY.GDP.MKTP.CD,GDP (current US$),BT,Bhutan
BOL,2018,40287647756.8741,,0,NY.GDP.MKTP.CD,GDP (current US$),BO,Bolivia
BIH,2018,20161865419.4327,,0,NY.GDP.MKTP.CD,GDP (current US$),BA,Bosnia and Herzegovina
BWA,2018,18616018903.4434,,0,NY.GDP.MKTP.CD,GDP (current US$),BW,Botswana
BRA,2018,1868626087908.48,,0,NY.GDP.MKTP.CD,GDP (current US$),BR,Brazil
BRN,2018,13567351175.0315,,0,NY.GDP.MKTP.CD,GDP (current US$),BN,Brunei Darussalam
BGR,2018,65132951116.4756,,0,NY.GDP.MKTP.CD,GDP (current US$),BG,Bulgaria
BFA,2018,14124775068.569,,0,NY.GDP.MKTP.CD,GDP (current US$),BF,Burkina Faso
BDI,2018,3036931818.18182,,0,NY.GDP.MKTP.CD,GDP (current US$),BI,Burundi
CPV,2018,1976814276.50792,,0,NY.GDP.MKTP.CD,GDP (current US$),CV,Cabo Verde
KHM,2018,24542474061.2426,,0,NY.GDP.MKTP.CD,GDP (current US$),KH,Cambodia
CMR,2018,38675205293.0462,,0,NY.GDP.MKTP.CD,GDP (current US$),CM,Cameroon
CAN,2018,1713341704877.01,,0,NY.GDP.MKTP.CD,GDP (current US$),CA,Canada
CYM,2017,5141833913.35653,,0,NY.GDP.MKTP.CD,GDP (current US$),KY,Cayman Islands
CAF,2018,2219894701.95124,,0,NY.GDP.MKTP.CD,GDP (current US$),CF,Central African Republic
TCD,2018,11273115239.4255,,0,NY.GDP.MKTP.CD,GDP (current US$),TD,Chad
CHI,2007,11514605842.3369,,0,NY.GDP.MKTP.CD,GDP (current US$),JG,Channel Islands
CHL,2018,298231133532.749,,0,NY.GDP.MKTP.CD,GDP (current US$),CL,Chile
CHN,2018,13608151864637.9,,0,NY.GDP.MKTP.CD,GDP (current US$),CN,China
COL,2018,331047040087.878,,0,NY.GDP.MKTP.CD,GDP (current US$),CO,Colombia
COM,2018,1177955048.65299,,0,NY.GDP.MKTP.CD,GDP (current US$),KM,Comoros
COD,2018,47227535290.9218,,0,NY.GDP.MKTP.CD,GDP (current US$),CD,"Congo, Dem. Rep."
COG,2018,11263682694.0393,,0,NY.GDP.MKTP.CD,GDP (current US$),CG,"Congo, Rep."
CRI,2018,60130106115.6294,,0,NY.GDP.MKTP.CD,GDP (current US$),CR,Costa Rica
CIV,2018,43007047821.7541,,0,NY.GDP.MKTP.CD,GDP (current US$),CI,Cote d'Ivoire
HRV,2018,60971699315.1776,,0,NY.GDP.MKTP.CD,GDP (current US$),HR,Croatia
CUB,2018,100023000000.0,,0,NY.GDP.MKTP.CD,GDP (current US$),CU,Cuba
CUW,2018,3127908037.85918,,0,NY.GDP.MKTP.CD,GDP (current US$),CW,Curacao
CYP,2018,24961988663.2026,,0,NY.GDP.MKTP.CD,GDP (current US$),CY,Cyprus
CZE,2018,245225882903.37,,0,NY.GDP.MKTP.CD,GDP (current US$),CZ,Czech Republic
DNK,2018,355675329085.952,,0,NY.GDP.MKTP.CD,GDP (current US$),DK,Denmark
DJI,2018,2955912228.22417,,0,NY.GDP.MKTP.CD,GDP (current US$),DJ,Djibouti
DMA,2018,550892592.592593,,0,NY.GDP.MKTP.CD,GDP (current US$),DM,Dominica
DOM,2018,85555390387.0355,,0,NY.GDP.MKTP.CD,GDP (current US$),DO,Dominican Republic
ECU,2018,108398058000.0,,0,NY.GDP.MKTP.CD,GDP (current US$),EC,Ecuador
EGY,2018,250894760351.232,,0,NY.GDP.MKTP.CD,GDP (current US$),EG,"Egypt, Arab Rep."
SLV,2018,26057000000.0,,0,NY.GDP.MKTP.CD,GDP (current US$),SV,El Salvador
GNQ,2018,13432377049.5402,,0,NY.GDP.MKTP.CD,GDP (current US$),GQ,Equatorial Guinea
ERI,2011,2607739837.39837,,0,NY.GDP.MKTP.CD,GDP (current US$),ER,Eritrea
EST,2018,30732144528.9795,,0,NY.GDP.MKTP.CD,GDP (current US$),EE,Estonia
SWZ,2018,4710618471.93167,,0,NY.GDP.MKTP.CD,GDP (current US$),SZ,Eswatini
ETH,2018,84355604752.5299,,0,NY.GDP.MKTP.CD,GDP (current US$),ET,Ethiopia
FRO,2016,2689157270.82312,,0,NY.GDP.MKTP.CD,GDP (current US$),FO,Faroe Islands
FJI,2018,5536759658.87012,,0,NY.GDP.MKTP.CD,GDP (current US$),FJ,Fiji
FIN,2018,276743120515.764,,0,NY.GDP.MKTP.CD,GDP (current US$),FI,Finland
FRA,2018,2777535239277.98,,0,NY.GDP.MKTP.CD,GDP (current US$),FR,France
PYF,2000,3447543137.9415,,0,NY.GDP.MKTP.CD,GDP (current US$),PF,French Polynesia
GAB,2018,16853589311.4139,,0,NY.GDP.MKTP.CD,GDP (current US$),GA,Gabon
GMB,2018,1632823198.95828,,0,NY.GDP.MKTP.CD,GDP (current US$),GM,"Gambia, The"
GEO,2018,17599660629.0202,,0,NY.GDP.MKTP.CD,GDP (current US$),GE,Georgia
DEU,2018,3947620162502.96,,0,NY.GDP.MKTP.CD,GDP (current US$),DE,Germany
GHA,2018,65556464048.1539,,0,NY.GDP.MKTP.CD,GDP (current US$),GH,Ghana
GRC,2018,218031844583.994,,0,NY.GDP.MKTP.CD,GDP (current US$),GR,Greece
GRL,2016,2707146783.13056,,0,NY.GDP.MKTP.CD,GDP (current US$),GL,Greenland
GRD,2018,1185925925.92593,,0,NY.GDP.MKTP.CD,GDP (current US$),GD,Grenada
GUM,2018,5920000000.0,,0,NY.GDP.MKTP.CD,GDP (current US$),GU,Guam
GTM,2018,78460447919.9915,,0,NY.GDP.MKTP.CD,GDP (current US$),GT,Guatemala
GIN,2018,10907214993.5687,,0,NY.GDP.MKTP.CD,GDP (current US$),GN,Guinea
GNB,2018,1458156026.16376,,0,NY.GDP.MKTP.CD,GDP (current US$),GW,Guinea-Bissau
GUY,2018,3878662620.77146,,0,NY.GDP.MKTP.CD,GDP (current US$),GY,Guyana
HTI,2018,9658721168.86849,,0,NY.GDP.MKTP.CD,GDP (current US$),HT,Haiti
HND,2018,23969890430.7882,,0,NY.GDP.MKTP.CD,GDP (current US$),HN,Honduras
HKG,2018,362682018243.286,,0,NY.GDP.MKTP.CD,GDP (current US$),HK,"Hong Kong SAR, China"
HUN,2018,157882912778.254,,0,NY.GDP.MKTP.CD,GDP (current US$),HU,Hungary
ISL,2018,25878475760.1131,,0,NY.GDP.MKTP.CD,GDP (current US$),IS,Iceland
IND,2018,2718732231257.57,,0,NY.GDP.MKTP.CD,GDP (current US$),IN,India
IDN,2018,1042173300625.55,,0,NY.GDP.MKTP.CD,GDP (current US$),ID,Indonesia
IRN,2017,454012768723.589,,0,NY.GDP.MKTP.CD,GDP (current US$),IR,"Iran, Islamic Rep."
IRQ,2018,224228010477.889,,0,NY.GDP.MKTP.CD,GDP (current US$),IQ,Iraq
IRL,2018,382487490532.479,,0,NY.GDP.MKTP.CD,GDP (current US$),IE,Ireland
IMN,2017,6770532818.53282,,0,NY.GDP.MKTP.CD,GDP (current US$),IM,Isle of Man
ISR,2018,370587977153.583,,0,NY.GDP.MKTP.CD,GDP (current US$),IL,Israel
ITA,2018,2083864259622.65,,0,NY.GDP.MKTP.CD,GDP (current US$),IT,Italy
JAM,2018,15713908816.1463,,0,NY.GDP.MKTP.CD,GDP (current US$),JM,Jamaica
JPN,2018,4971323079771.87,,0,NY.GDP.MKTP.CD,GDP (current US$),JP,Japan
JOR,2018,42231295774.6479,,0,NY.GDP.MKTP.CD,GDP (current US$),JO,Jordan
KAZ,2018,179339994859.384,,0,NY.GDP.MKTP.CD,GDP (current US$),KZ,Kazakhstan
KEN,2018,87908262519.9164,,0,NY.GDP.MKTP.CD,GDP (current US$),KE,Kenya
KIR,2018,188284518.828452,,0,NY.GDP.MKTP.CD,GDP (current US$),KI,Kiribati
KOR,2018,1619423701169.63,,0,NY.GDP.MKTP.CD,GDP (current US$),KR,"Korea, Rep."
XKX,2018,7938990793.20113,,0,NY.GDP.MKTP.CD,GDP (current US$),XK,Kosovo
KWT,2018,140645364238.411,,0,NY.GDP.MKTP.CD,GDP (current US$),KW,Kuwait
KGZ,2018,8092836608.78875,,0,NY.GDP.MKTP.CD,GDP (current US$),KG,Kyrgyz Republic
LAO,2018,17953786416.1431,,0,NY.GDP.MKTP.CD,GDP (current US$),LA,Lao PDR
LVA,2018,34409229177.9105,,0,NY.GDP.MKTP.CD,GDP (current US$),LV,Latvia
LBN,2018,56639155555.5556,,0,NY.GDP.MKTP.CD,GDP (current US$),LB,Lebanon
LSO,2018,2738786277.79392,,0,NY.GDP.MKTP.CD,GDP (current US$),LS,Lesotho
LBR,2018,3264000000.0,,0,NY.GDP.MKTP.CD,GDP (current US$),LR,Liberia
LBY,2018,48364208571.4286,,0,NY.GDP.MKTP.CD,GDP (current US$),LY,Libya
LIE,2016,6214633651.30911,,0,NY.GDP.MKTP.CD,GDP (current US$),LI,Liechtenstein
LTU,2018,53429066429.1251,,0,NY.GDP.MKTP.CD,GDP (current US$),LT,Lithuania
LUX,2018,70885325883.0941,,0,NY.GDP.MKTP.CD,GDP (current US$),LU,Luxembourg
MAC,2018,55084050789.7182,,0,NY.GDP.MKTP.CD,GDP (current US$),MO,"Macao SAR, China"
MDG,2018,13853432868.227,,0,NY.GDP.MKTP.CD,GDP (current US$),MG,Madagascar
MWI,2018,7064971176.34408,,0,NY.GDP.MKTP.CD,GDP (current US$),MW,Malawi
MYS,2018,358581943446.259,,0,NY.GDP.MKTP.CD,GDP (current US$),MY,Malaysia
MDV,2018,5327457149.72581,,0,NY.GDP.MKTP.CD,GDP (current US$),MV,Maldives
MLI,2018,17163432832.0957,,0,NY.GDP.MKTP.CD,GDP (current US$),ML,Mali
MLT,2018,14553422928.8831,,0,NY.GDP.MKTP.CD,GDP (current US$),MT,Malta
MHL,2018,221278000.0,,0,NY.GDP.MKTP.CD,GDP (current US$),MH,Marshall Islands
MRT,2018,5234817927.17087,,0,NY.GDP.MKTP.CD,GDP (current US$),MR,Mauritania
MUS,2018,14220348672.7333,,0,NY.GDP.MKTP.CD,GDP (current US$),MU,Mauritius
MEX,2018,1220699479845.98,,0,NY.GDP.MKTP.CD,GDP (current US$),MX,Mexico
FSM,2018,401932279.019221,,0,NY.GDP.MKTP.CD,GDP (current US$),FM,"Micronesia, Fed. Sts."
MDA,2018,11443671435.9024,,0,NY.GDP.MKTP.CD,GDP (current US$),MD,Moldova
MCO,2018,7184844192.63456,,0,NY.GDP.MKTP.CD,GDP (current US$),MC,Monaco
MNG,2018,13066749138.3261,,0,NY.GDP.MKTP.CD,GDP (current US$),MN,Mongolia
MNE,2018,5504166666.66667,,0,NY.GDP.MKTP.CD,GDP (current US$),ME,Montenegro
MAR,2018,117921394402.361,,0,NY.GDP.MKTP.CD,GDP (current US$),MA,Morocco
MOZ,2018,14717223206.9,,0,NY.GDP.MKTP.CD,GDP (current US$),MZ,Mozambique
MMR,2018,71214803377.8284,,0,NY.GDP.MKTP.CD,GDP (current US$),MM,Myanmar
NAM,2018,14521711633.9533,,0,NY.GDP.MKTP.CD,GDP (current US$),NA,Namibia
NRU,2018,125628504.250316,,0,NY.GDP.MKTP.CD,GDP (current US$),NR,Nauru
NPL,2018,29040398982.3466,,0,NY.GDP.MKTP.CD,GDP (current US$),NP,Nepal
NLD,2018,913658465709.125,,0,NY.GDP.MKTP.CD,GDP (current US$),NL,Netherlands
NCL,2000,2682347064.3642,,0,NY.GDP.MKTP.CD,GDP (current US$),NC,New Caledonia
NZL,2018,204923917869.355,,0,NY.GDP.MKTP.CD,GDP (current US$),NZ,New Zealand
NIC,2018,13117845416.6297,,0,NY.GDP.MKTP.CD,GDP (current US$),NI,Nicaragua
NER,2018,9290938457.2883,,0,NY.GDP.MKTP.CD,GDP (current US$),NE,Niger
NGA,2018,397269616080.908,,0,NY.GDP.MKTP.CD,GDP (current US$),NG,Nigeria
MKD,2018,12672131053.1578,,0,NY.GDP.MKTP.CD,GDP (current US$),MK,North Macedonia
MNP,2018,1323000000.0,,0,NY.GDP.MKTP.CD,GDP (current US$),MP,Northern Mariana Islands
NOR,2018,434166615431.909,,0,NY.GDP.MKTP.CD,GDP (current US$),NO,Norway
OMN,2018,79276723016.9051,,0,NY.GDP.MKTP.CD,GDP (current US$),OM,Oman
PAK,2018,314588210501.063,,0,NY.GDP.MKTP.CD,GDP (current US$),PK,Pakistan
PLW,2018,283994900.0,,0,NY.GDP.MKTP.CD,GDP (current US$),PW,Palau
PAN,2018,65055100000.0,,0,NY.GDP.MKTP.CD,GDP (current US$),PA,Panama
PNG,2018,23497607690.1178,,0,NY.GDP.MKTP.CD,GDP (current US$),PG,Papua New Guinea
PRY,2018,40496953779.071,,0,NY.GDP.MKTP.CD,GDP (current US$),PY,Paraguay
PER,2018,222044970486.217,,0,NY.GDP.MKTP.CD,GDP (current US$),PE,Peru
PHL,2018,330910343610.956,,0,NY.GDP.MKTP.CD,GDP (current US$),PH,Philippines
POL,2018,585663814824.044,,0,NY.GDP.MKTP.CD,GDP (current US$),PL,Poland
PRT,2018,240674524464.24,,0,NY.GDP.MKTP.CD,GDP (current US$),PT,Portugal
PRI,2018,101130900000.0,,0,NY.GDP.MKTP.CD,GDP (current US$),PR,Puerto Rico
QAT,2018,191362087912.088,,0,NY.GDP.MKTP.CD,GDP (current US$),QA,Qatar
ROU,2018,239552516744.469,,0,NY.GDP.MKTP.CD,GDP (current US$),RO,Romania
RUS,2018,1657554647149.87,,0,NY.GDP.MKTP.CD,GDP (current US$),RU,Russian Federation
RWA,2018,9508715596.4368,,0,NY.GDP.MKTP.CD,GDP (current US$),RW,Rwanda
WSM,2018,820491798.30076,,0,NY.GDP.MKTP.CD,GDP (current US$),WS,Samoa
SMR,2017,1632860040.56795,,0,NY.GDP.MKTP.CD,GDP (current US$),SM,San Marino
STP,2018,422296762.322469,,0,NY.GDP.MKTP.CD,GDP (current US$),ST,Sao Tome and Principe
SAU,2018,786521831571.957,,0,NY.GDP.MKTP.CD,GDP (current US$),SA,Saudi Arabia
SEN,2018,24129599551.7869,,0,NY.GDP.MKTP.CD,GDP (current US$),SN,Senegal
SRB,2018,50597289146.7041,,0,NY.GDP.MKTP.CD,GDP (current US$),RS,Serbia
SYC,2018,1590180446.19384,,0,NY.GDP.MKTP.CD,GDP (current US$),SC,Seychelles
SLE,2018,4085114794.22324,,0,NY.GDP.MKTP.CD,GDP (current US$),SL,Sierra Leone
SGP,2018,364156657769.87,,0,NY.GDP.MKTP.CD,GDP (current US$),SG,Singapore
SVK,2018,105904632155.755,,0,NY.GDP.MKTP.CD,GDP (current US$),SK,Slovak Republic
SVN,2018,54007972106.4629,,0,NY.GDP.MKTP.CD,GDP (current US$),SI,Slovenia
SLB,2018,1395608472.01325,,0,NY.GDP.MKTP.CD,GDP (current US$),SB,Solomon Islands
SOM,2018,4720727278.18833,,0,NY.GDP.MKTP.CD,GDP (current US$),SO,Somalia
ZAF,2018,368288939768.322,,0,NY.GDP.MKTP.CD,GDP (current US$),ZA,South Africa
SSD,2015,11997800751.0613,,0,NY.GDP.MKTP.CD,GDP (current US$),SS,South Sudan
ESP,2018,1419041949909.82,,0,NY.GDP.MKTP.CD,GDP (current US$),ES,Spain
LKA,2018,88900770857.6351,,0,NY.GDP.MKTP.CD,GDP (current US$),LK,Sri Lanka
KNA,2018,1010822222.22222,,0,NY.GDP.MKTP.CD,GDP (current US$),KN,St. Kitts and Nevis
LCA,2018,1921848222.22222,,0,NY.GDP.MKTP.CD,GDP (current US$),LC,St. Lucia
VCT,2018,811300000.0,,0,NY.GDP.MKTP.CD,GDP (current US$),VC,St. Vincent and the Grenadines
SDN,2018,40851536133.7642,,0,NY.GDP.MKTP.CD,GDP (current US$),SD,Sudan
SUR,2018,3590753768.84422,,0,NY.GDP.MKTP.CD,GDP (current US$),SR,Suriname
SWE,2018,556086488936.559,,0,NY.GDP.MKTP.CD,GDP (current US$),SE,Sweden
CHE,2018,705140354166.312,,0,NY.GDP.MKTP.CD,GDP (current US$),CH,Switzerland
SYR,2007,40405006007.2086,,0,NY.GDP.MKTP.CD,GDP (current US$),SY,Syrian Arab Republic
TJK,2018,7522947810.12326,,0,NY.GDP.MKTP.CD,GDP (current US$),TJ,Tajikistan
TZA,2018,58001200572.3965,,0,NY.GDP.MKTP.CD,GDP (current US$),TZ,Tanzania
THA,2018,504992757704.997,,0,NY.GDP.MKTP.CD,GDP (current US$),TH,Thailand
TLS,2018,2581000000.0,,0,NY.GDP.MKTP.CD,GDP (current US$),TL,Timor-Leste
TGO,2018,5358722982.70893,,0,NY.GDP.MKTP.CD,GDP (current US$),TG,Togo
TON,2018,450353313.884584,,0,NY.GDP.MKTP.CD,GDP (current US$),TO,Tonga
TTO,2018,23808146747.7994,,0,NY.GDP.MKTP.CD,GDP (current US$),TT,Trinidad and Tobago
TUN,2018,39871132267.9361,,0,NY.GDP.MKTP.CD,GDP (current US$),TN,Tunisia
TUR,2018,771350330455.267,,0,NY.GDP.MKTP.CD,GDP (current US$),TR,Turkey
TKM,2018,40761142857.1429,,0,NY.GDP.MKTP.CD,GDP (current US$),TM,Turkmenistan
TCA,2018,1022312010.0,,0,NY.GDP.MKTP.CD,GDP (current US$),TC,Turks and Caicos Islands
TUV,2018,42587778.4724662,,0,NY.GDP.MKTP.CD,GDP (current US$),TV,Tuvalu
UGA,2018,27461440192.3549,,0,NY.GDP.MKTP.CD,GDP (current US$),UG,Uganda
UKR,2018,130832374404.882,,0,NY.GDP.MKTP.CD,GDP (current US$),UA,Ukraine
ARE,2018,414178942592.479,,0,NY.GDP.MKTP.CD,GDP (current US$),AE,United Arab Emirates
GBR,2018,2855296731521.96,,0,NY.GDP.MKTP.CD,GDP (current US$),GB,United Kingdom
USA,2018,20544343456936.5,,0,NY.GDP.MKTP.CD,GDP (current US$),US,United States
URY,2018,59596885024.3487,,0,NY.GDP.MKTP.CD,GDP (current US$),UY,Uruguay
UZB,2018,50499921557.5105,,0,NY.GDP.MKTP.CD,GDP (current US$),UZ,Uzbekistan
VUT,2018,914301119.28749,,0,NY.GDP.MKTP.CD,GDP (current US$),VU,Vanuatu
VEN,2014,482359318767.703,,0,NY.GDP.MKTP.CD,GDP (current US$),VE,"Venezuela, RB"
VNM,2018,245213686369.157,,0,NY.GDP.MKTP.CD,GDP (current US$),VN,Vietnam
VIR,2017,3855000000.0,,0,NY.GDP.MKTP.CD,GDP (current US$),VI,Virgin Islands (U.S.)
PSE,2018,14615900000.0,,0,NY.GDP.MKTP.CD,GDP (current US$),PS,West Bank and Gaza
YEM,2018,26914402223.7828,,0,NY.GDP.MKTP.CD,GDP (current US$),YE,"Yemen, Rep."
ZMB,2018,26720073435.9014,,0,NY.GDP.MKTP.CD,GDP (current US$),ZM,Zambia
ZWE,2018,31000519447.175,,0,NY.GDP.MKTP.CD,GDP (current US$),ZW,Zimbabwe
ARB,2017,69.9212501154086,,0,SP.DYN.LE00.MA.IN,"Life expectancy at birth, male (years)",1A,Arab World
CSS,2017,71.3399815619282,,0,SP.DYN.LE00.MA.IN,"Life expectancy at birth, male (years)",S3,Caribbean small states
CEB,2017,73.3777083800028,,0,SP.DYN.LE00.MA.IN,"Life expectancy at birth, male (years)",B8,Central Europe and the Baltics
EAR,2017,68.4780791156251,,0,SP.DYN.LE00.MA.IN,"Life expectancy at birth, male (years)",V2,Early-demographic dividend
EAS,2017,73.404356632599,,0,SP.DYN.LE00.MA.IN,"Life expectancy at birth, male (years)",Z4,East Asia & Pacific
EAP,2017,72.6070251901888,,0,SP.DYN.LE00.MA.IN,"Life expectancy at birth, male (years)",4E,East Asia & Pacific (excluding high income)
TEA,2017,72.6591178046408,,0,SP.DYN.LE00.MA.IN,"Life expectancy at birth, male (years)",T4,East Asia & Pacific (IDA & IBRD countries)
EMU,2017,79.3690200436887,,0,SP.DYN.LE00.MA.IN,"Life expectancy at birth, male (years)",XC,Euro area
ECS,2017,74.6485379608833,,0,SP.DYN.LE00.MA.IN,"Life expectancy at birth, male (years)",Z7,Europe & Central Asia
ECA,2017,69.5077302487799,,0,SP.DYN.LE00.MA.IN,"Life expectancy at birth, male (years)",7E,Europe & Central Asia (excluding high income)
TEC,2017,69.9269363506798,,0,SP.DYN.LE00.MA.IN,"Life expectancy at birth, male (years)",T7,Europe & Central Asia (IDA & IBRD countries)
EUU,2018,78.3209341328802,,0,SP.DYN.LE00.MA.IN,"Life expectancy at birth, male (years)",EU,European Union
FCS,2018,59.7909251110466,,0,SP.DYN.LE00.MA.IN,"Life expectancy at birth, male (years)",F1,Fragile and conflict affected situations
HPC,2017,61.0100777296068,,0,SP.DYN.LE00.MA.IN,"Life expectancy at birth, male (years)",XE,Heavily indebted poor countries (HIPC)
,2017,78.1579474921533,,0,SP.DYN.LE00.MA.IN,"Life expectancy at birth, male (years)",XD,High income
IBD,2017,70.9307145965298,,0,SP.DYN.LE00.MA.IN,"Life expectancy at birth, male (years)",XF,IBRD only
IBT,2017,68.7700021887115,,0,SP.DYN.LE00.MA.IN,"Life expectancy at birth, male (years)",ZT,IDA & IBRD total
IDB,2017,60.8233048585344,,0,SP.DYN.LE00.MA.IN,"Life expectancy at birth, male (years)",XH,IDA blend
IDX,2017,63.0946720247442,,0,SP.DYN.LE00.MA.IN,"Life expectancy at birth, male (years)",XI,IDA only
IDA,2017,62.3149926503673,,0,SP.DYN.LE00.MA.IN,"Life expectancy at birth, male (years)",XG,IDA total
LTE,2017,73.348511356478,,0,SP.DYN.LE00.MA.IN,"Life expectancy at birth, male (years)",V3,Late-demographic dividend
LCN,2017,72.1109871470465,,0,SP.DYN.LE00.MA.IN,"Life expectancy at birth, male (years)",ZJ,Latin America & Caribbean
LAC,2017,71.8986601207101,,0,SP.DYN.LE00.MA.IN,"Life expectancy at birth, male (years)",XJ,Latin America & Caribbean (excluding high income)
TLA,2017,72.001543442476,,0,SP.DYN.LE00.MA.IN,"Life expectancy at birth, male (years)",T2,Latin America & the Caribbean (IDA & IBRD countries)
LDC,2017,62.8703090384497,,0,SP.DYN.LE00.MA.IN,"Life expectancy at birth, male (years)",XL,Least developed countries: UN classification
LMY,2017,68.71926037079,,0,SP.DYN.LE00.MA.IN,"Life expectancy at birth, male (years)",XO,Low & middle income
,2017,61.4891894173017,,0,SP.DYN.LE00.MA.IN,"Life expectancy at birth, male (years)",XM,Low income
,2017,66.6628775648559,,0,SP.DYN.LE00.MA.IN,"Life expectancy at birth, male (years)",XN,Lower middle income
MEA,2017,72.2456917208583,,0,SP.DYN.LE00.MA.IN,"Life expectancy at birth, male (years)",ZQ,Middle East & North Africa
MNA,2017,71.560181502266,,0,SP.DYN.LE00.MA.IN,"Life expectancy at birth, male (years)",XQ,Middle East & North Africa (excluding high income)
TMN,2017,71.5536050873126,,0,SP.DYN.LE00.MA.IN,"Life expectancy at birth, male (years)",T3,Middle East & North Africa (IDA & IBRD countries)
MIC,2017,69.5866391985503,,0,SP.DYN.LE00.MA.IN,"Life expectancy at birth, male (years)",XP,Middle income
NAC,2017,76.524030553485,,0,SP.DYN.LE00.MA.IN,"Life expectancy at birth, male (years)",XU,North America
OED,2017,77.5264344657716,,0,SP.DYN.LE00.MA.IN,"Life expectancy at birth, male (years)",OE,OECD members
OSS,2017,66.7300746060308,,0,SP.DYN.LE00.MA.IN,"Life expectancy at birth, male (years)",S4,Other small states
PSS,2017,67.9923742582695,,0,SP.DYN.LE00.MA.IN,"Life expectancy at birth, male (years)",S2,Pacific island small states
PST,2017,78.0276385966983,,0,SP.DYN.LE00.MA.IN,"Life expectancy at birth, male (years)",V4,Post-demographic dividend
PRE,2017,58.8197065298203,,0,SP.DYN.LE00.MA.IN,"Life expectancy at birth, male (years)",V1,Pre-demographic dividend
SST,2017,67.59556416495,,0,SP.DYN.LE00.MA.IN,"Life expectancy at birth, male (years)",S1,Small states
SAS,2017,67.9493897249746,,0,SP.DYN.LE00.MA.IN,"Life expectancy at birth, male (years)",8S,South Asia
TSA,2017,67.9493897249746,,0,SP.DYN.LE00.MA.IN,"Life expectancy at birth, male (years)",T5,South Asia (IDA & IBRD)
SSF,2017,59.1427144394588,,0,SP.DYN.LE00.MA.IN,"Life expectancy at birth, male (years)",ZG,Sub-Saharan Africa
SSA,2017,59.1416654303711,,0,SP.DYN.LE00.MA.IN,"Life expectancy at birth, male (years)",ZF,Sub-Saharan Africa (excluding high income)
TSS,2017,59.1427144394588,,0,SP.DYN.LE00.MA.IN,"Life expectancy at birth, male (years)",T6,Sub-Saharan Africa (IDA & IBRD countries)
,2017,72.9423381947181,,0,SP.DYN.LE00.MA.IN,"Life expectancy at birth, male (years)",XT,Upper middle income
WLD,2017,70.2127584963075,,0,SP.DYN.LE00.MA.IN,"Life expectancy at birth, male (years)",1W,World
AFG,2018,63.047,,0,SP.DYN.LE00.MA.IN,"Life expectancy at birth, male (years)",AF,Afghanistan
ALB,2018,76.816,,0,SP.DYN.LE00.MA.IN,"Life expectancy at birth, male (years)",AL,Albania
DZA,2018,75.494,,0,SP.DYN.LE00.MA.IN,"Life expectancy at birth, male (years)",DZ,Algeria
AGO,2018,58.064,,0,SP.DYN.LE00.MA.IN,"Life expectancy at birth, male (years)",AO,Angola
ATG,2018,75.721,,0,SP.DYN.LE00.MA.IN,"Life expectancy at birth, male (years)",AG,Antigua and Barbuda
ARG,2018,73.082,,0,SP.DYN.LE00.MA.IN,"Life expectancy at birth, male (years)",AR,Argentina
ARM,2018,71.215,,0,SP.DYN.LE00.MA.IN,"Life expectancy at birth, male (years)",AM,Armenia
ABW,2018,73.628,,0,SP.DYN.LE00.MA.IN,"Life expectancy at birth, male (years)",AW,Aruba
AUS,2018,80.7,,0,SP.DYN.LE00.MA.IN,"Life expectancy at birth, male (years)",AU,Australia
AUT,2018,79.4,,0,SP.DYN.LE00.MA.IN,"Life expectancy at birth, male (years)",AT,Austria
AZE,2018,70.345,,0,SP.DYN.LE00.MA.IN,"Life expectancy at birth, male (years)",AZ,Azerbaijan
BHS,2018,71.499,,0,SP.DYN.LE00.MA.IN,"Life expectancy at birth, male (years)",BS,"Bahamas, The"
BHR,2018,76.312,,0,SP.DYN.LE00.MA.IN,"Life expectancy at birth, male (years)",BH,Bahrain
BGD,2018,70.637,,0,SP.DYN.LE00.MA.IN,"Life expectancy at birth, male (years)",BD,Bangladesh
BRB,2018,77.682,,0,SP.DYN.LE00.MA.IN,"Life expectancy at birth, male (years)",BB,Barbados
BLR,2018,69.2,,0,SP.DYN.LE00.MA.IN,"Life expectancy at birth, male (years)",BY,Belarus
BEL,2018,79.4,,0,SP.DYN.LE00.MA.IN,"Life expectancy at birth, male (years)",BE,Belgium
BLZ,2018,71.579,,0,SP.DYN.LE00.MA.IN,"Life expectancy at birth, male (years)",BZ,Belize
BEN,2018,59.914,,0,SP.DYN.LE00.MA.IN,"Life expectancy at birth, male (years)",BJ,Benin
BMU,2018,77.92,,0,SP.DYN.LE00.MA.IN,"Life expectancy at birth, male (years)",BM,Bermuda
BTN,2018,71.123,,0,SP.DYN.LE00.MA.IN,"Life expectancy at birth, male (years)",BT,Bhutan
BOL,2018,68.434,,0,SP.DYN.LE00.MA.IN,"Life expectancy at birth, male (years)",BO,Bolivia
BIH,2018,74.752,,0,SP.DYN.LE00.MA.IN,"Life expectancy at birth, male (years)",BA,Bosnia and Herzegovina
BWA,2018,66.204,,0,SP.DYN.LE00.MA.IN,"Life expectancy at birth, male (years)",BW,Botswana
BRA,2018,72.024,,0,SP.DYN.LE00.MA.IN,"Life expectancy at birth, male (years)",BR,Brazil
BRN,2018,74.593,,0,SP.DYN.LE00.MA.IN,"Life expectancy at birth, male (years)",BN,Brunei Darussalam
BGR,2018,71.5,,0,SP.DYN.LE00.MA.IN,"Life expectancy at birth, male (years)",BG,Bulgaria
BFA,2018,60.361,,0,SP.DYN.LE00.MA.IN,"Life expectancy at birth, male (years)",BF,Burkina Faso
BDI,2018,59.435,,0,SP.DYN.LE00.MA.IN,"Life expectancy at birth, male (years)",BI,Burundi
CPV,2018,69.316,,0,SP.DYN.LE00.MA.IN,"Life expectancy at birth, male (years)",CV,Cabo Verde
KHM,2018,67.312,,0,SP.DYN.LE00.MA.IN,"Life expectancy at birth, male (years)",KH,Cambodia
CMR,2018,57.656,,0,SP.DYN.LE00.MA.IN,"Life expectancy at birth, male (years)",CM,Cameroon
CAN,2018,79.9,,0,SP.DYN.LE00.MA.IN,"Life expectancy at birth, male (years)",CA,Canada
CYM,2010,79.8,,0,SP.DYN.LE00.MA.IN,"Life expectancy at birth, male (years)",KY,Cayman Islands
CAF,2018,50.649,,0,SP.DYN.LE00.MA.IN,"Life expectancy at birth, male (years)",CF,Central African Republic
TCD,2018,52.577,,0,SP.DYN.LE00.MA.IN,"Life expectancy at birth, male (years)",TD,Chad
CHI,2018,80.974,,0,SP.DYN.LE00.MA.IN,"Life expectancy at birth, male (years)",JG,Channel Islands
CHL,2018,77.552,,0,SP.DYN.LE00.MA.IN,"Life expectancy at birth, male (years)",CL,Chile
CHN,2018,74.549,,0,SP.DYN.LE00.MA.IN,"Life expectancy at birth, male (years)",CN,China
COL,2018,74.33,,0,SP.DYN.LE00.MA.IN,"Life expectancy at birth, male (years)",CO,Colombia
COM,2018,62.399,,0,SP.DYN.LE00.MA.IN,"Life expectancy at birth, male (years)",KM,Comoros
COD,2018,58.852,,0,SP.DYN.LE00.MA.IN,"Life expectancy at birth, male (years)",CD,"Congo, Dem. Rep."
COG,2018,62.837,,0,SP.DYN.LE00.MA.IN,"Life expectancy at birth, male (years)",CG,"Congo, Rep."
CRI,2018,77.539,,0,SP.DYN.LE00.MA.IN,"Life expectancy at birth, male (years)",CR,Costa Rica
CIV,2018,56.251,,0,SP.DYN.LE00.MA.IN,"Life expectancy at birth, male (years)",CI,Cote d'Ivoire
HRV,2018,74.9,,0,SP.DYN.LE00.MA.IN,"Life expectancy at birth, male (years)",HR,Croatia
CUB,2018,76.763,,0,SP.DYN.LE00.MA.IN,"Life expectancy at birth, male (years)",CU,Cuba
CUW,2017,74.7,,0,SP.DYN.LE00.MA.IN,"Life expectancy at birth, male (years)",CW,Curacao
CYP,2018,78.735,,0,SP.DYN.LE00.MA.IN,"Life expectancy at birth, male (years)",CY,Cyprus
CZE,2018,76.1,,0,SP.DYN.LE00.MA.IN,"Life expectancy at birth, male (years)",CZ,Czech Republic
DNK,2018,79.4,,0,SP.DYN.LE00.MA.IN,"Life expectancy at birth, male (years)",DK,Denmark
DJI,2018,64.629,,0,SP.DYN.LE00.MA.IN,"Life expectancy at birth, male (years)",DJ,Djibouti
DMA,2002,74.5,,0,SP.DYN.LE00.MA.IN,"Life expectancy at birth, male (years)",DM,Dominica
DOM,2018,70.805,,0,SP.DYN.LE00.MA.IN,"Life expectancy at birth, male (years)",DO,Dominican Republic
ECU,2018,74.058,,0,SP.DYN.LE00.MA.IN,"Life expectancy at birth, male (years)",EC,Ecuador
EGY,2018,69.599,,0,SP.DYN.LE00.MA.IN,"Life expectancy at birth, male (years)",EG,"Egypt, Arab Rep."
SLV,2018,68.229,,0,SP.DYN.LE00.MA.IN,"Life expectancy at birth, male (years)",SV,El Salvador
GNQ,2018,57.41,,0,SP.DYN.LE00.MA.IN,"Life expectancy at birth, male (years)",GQ,Equatorial Guinea
ERI,2018,63.79,,0,SP.DYN.LE00.MA.IN,"Life expectancy at birth, male (years)",ER,Eritrea
EST,2018,74.3,,0,SP.DYN.LE00.MA.IN,"Life expectancy at birth, male (years)",EE,Estonia
SWZ,2018,55.284,,0,SP.DYN.LE00.MA.IN,"Life expectancy at birth, male (years)",SZ,Eswatini
ETH,2018,64.35,,0,SP.DYN.LE00.MA.IN,"Life expectancy at birth, male (years)",ET,Ethiopia
FRO,2018,80.5,,0,SP.DYN.LE00.MA.IN,"Life expectancy at birth, male (years)",FO,Faroe Islands
FJI,2018,65.641,,0,SP.DYN.LE00.MA.IN,"Life expectancy at birth, male (years)",FJ,Fiji
FIN,2018,79.2,,0,SP.DYN.LE00.MA.IN,"Life expectancy at birth, male (years)",FI,Finland
FRA,2018,79.6,,0,SP.DYN.LE00.MA.IN,"Life expectancy at birth, male (years)",FR,France
PYF,2018,75.401,,0,SP.DYN.LE00.MA.IN,"Life expectancy at birth, male (years)",PF,French Polynesia
GAB,2018,64.152,,0,SP.DYN.LE00.MA.IN,"Life expectancy at birth, male (years)",GA,Gabon
GMB,2018,60.362,,0,SP.DYN.LE00.MA.IN,"Life expectancy at birth, male (years)",GM,"Gambia, The"
GEO,2018,69.174,,0,SP.DYN.LE00.MA.IN,"Life expectancy at birth, male (years)",GE,Georgia
DEU,2018,78.7,,0,SP.DYN.LE00.MA.IN,"Life expectancy at birth, male (years)",DE,Germany
GHA,2018,62.724,,0,SP.DYN.LE00.MA.IN,"Life expectancy at birth, male (years)",GH,Ghana
GRC,2018,78.8,,0,SP.DYN.LE00.MA.IN,"Life expectancy at birth, male (years)",GR,Greece
GRL,2016,68.8,,0,SP.DYN.LE00.MA.IN,"Life expectancy at birth, male (years)",GL,Greenland
GRD,2018,70.064,,0,SP.DYN.LE00.MA.IN,"Life expectancy at birth, male (years)",GD,Grenada
GUM,2018,76.607,,0,SP.DYN.LE00.MA.IN,"Life expectancy at birth, male (years)",GU,Guam
GTM,2018,71.119,,0,SP.DYN.LE00.MA.IN,"Life expectancy at birth, male (years)",GT,Guatemala
GIN,2018,60.477,,0,SP.DYN.LE00.MA.IN,"Life expectancy at birth, male (years)",GN,Guinea
GNB,2018,55.965,,0,SP.DYN.LE00.MA.IN,"Life expectancy at birth, male (years)",GW,Guinea-Bissau
GUY,2018,66.783,,0,SP.DYN.LE00.MA.IN,"Life expectancy at birth, male (years)",GY,Guyana
HTI,2018,61.5,,0,SP.DYN.LE00.MA.IN,"Life expectancy at birth, male (years)",HT,Haiti
HND,2018,72.771,,0,SP.DYN.LE00.MA.IN,"Life expectancy at birth, male (years)",HN,Honduras
HKG,2018,82.3,,0,SP.DYN.LE00.MA.IN,"Life expectancy at birth, male (years)",HK,"Hong Kong SAR, China"
HUN,2018,72.5,,0,SP.DYN.LE00.MA.IN,"Life expectancy at birth, male (years)",HU,Hungary
ISL,2018,81.1,,0,SP.DYN.LE00.MA.IN,"Life expectancy at birth, male (years)",IS,Iceland
IND,2018,68.239,,0,SP.DYN.LE00.MA.IN,"Life expectancy at birth, male (years)",IN,India
IDN,2018,69.375,,0,SP.DYN.LE00.MA.IN,"Life expectancy at birth, male (years)",ID,Indonesia
IRN,2018,75.409,,0,SP.DYN.LE00.MA.IN,"Life expectancy at birth, male (years)",IR,"Iran, Islamic Rep."
IRQ,2018,68.429,,0,SP.DYN.LE00.MA.IN,"Life expectancy at birth, male (years)",IQ,Iraq
IRL,2018,80.9,,0,SP.DYN.LE00.MA.IN,"Life expectancy at birth, male (years)",IE,Ireland
IMN,2002,74.6,,0,SP.DYN.LE00.MA.IN,"Life expectancy at birth, male (years)",IM,Isle of Man
ISR,2018,80.9,,0,SP.DYN.LE00.MA.IN,"Life expectancy at birth, male (years)",IL,Israel
ITA,2018,80.8,,0,SP.DYN.LE00.MA.IN,"Life expectancy at birth, male (years)",IT,Italy
JAM,2018,72.787,,0,SP.DYN.LE00.MA.IN,"Life expectancy at birth, male (years)",JM,Jamaica
JPN,2018,81.25,,0,SP.DYN.LE00.MA.IN,"Life expectancy at birth, male (years)",JP,Japan
JOR,2018,72.73,,0,SP.DYN.LE00.MA.IN,"Life expectancy at birth, male (years)",JO,Jordan
KAZ,2018,68.84,,0,SP.DYN.LE00.MA.IN,"Life expectancy at birth, male (years)",KZ,Kazakhstan
KEN,2018,63.965,,0,SP.DYN.LE00.MA.IN,"Life expectancy at birth, male (years)",KE,Kenya
KIR,2018,64.001,,0,SP.DYN.LE00.MA.IN,"Life expectancy at birth, male (years)",KI,Kiribati
PRK,2018,68.435,,0,SP.DYN.LE00.MA.IN,"Life expectancy at birth, male (years)",KP,"Korea, Dem. Peopleâ€™s Rep."
KOR,2018,79.7,,0,SP.DYN.LE00.MA.IN,"Life expectancy at birth, male (years)",KR,"Korea, Rep."
XKX,2018,70.0,,0,SP.DYN.LE00.MA.IN,"Life expectancy at birth, male (years)",XK,Kosovo
KWT,2018,74.672,,0,SP.DYN.LE00.MA.IN,"Life expectancy at birth, male (years)",KW,Kuwait
KGZ,2018,67.4,,0,SP.DYN.LE00.MA.IN,"Life expectancy at birth, male (years)",KG,Kyrgyz Republic
LAO,2018,65.838,,0,SP.DYN.LE00.MA.IN,"Life expectancy at birth, male (years)",LA,Lao PDR
LVA,2018,69.8,,0,SP.DYN.LE00.MA.IN,"Life expectancy at birth, male (years)",LV,Latvia
LBN,2018,77.076,,0,SP.DYN.LE00.MA.IN,"Life expectancy at birth, male (years)",LB,Lebanon
LSO,2018,50.582,,0,SP.DYN.LE00.MA.IN,"Life expectancy at birth, male (years)",LS,Lesotho
LBR,2018,62.347,,0,SP.DYN.LE00.MA.IN,"Life expectancy at birth, male (years)",LR,Liberia
LBY,2018,69.895,,0,SP.DYN.LE00.MA.IN,"Life expectancy at birth, male (years)",LY,Libya
LIE,2018,81.6,,0,SP.DYN.LE00.MA.IN,"Life expectancy at birth, male (years)",LI,Liechtenstein
LTU,2018,71.9,,0,SP.DYN.LE00.MA.IN,"Life expectancy at birth, male (years)",LT,Lithuania
LUX,2018,79.9,,0,SP.DYN.LE00.MA.IN,"Life expectancy at birth, male (years)",LU,Luxembourg
MAC,2018,81.149,,0,SP.DYN.LE00.MA.IN,"Life expectancy at birth, male (years)",MO,"Macao SAR, China"
MDG,2018,65.077,,0,SP.DYN.LE00.MA.IN,"Life expectancy at birth, male (years)",MG,Madagascar
MWI,2018,60.651,,0,SP.DYN.LE00.MA.IN,"Life expectancy at birth, male (years)",MW,Malawi
MYS,2018,74.075,,0,SP.DYN.LE00.MA.IN,"Life expectancy at birth, male (years)",MY,Malaysia
MDV,2018,77.229,,0,SP.DYN.LE00.MA.IN,"Life expectancy at birth, male (years)",MV,Maldives
MLI,2018,58.137,,0,SP.DYN.LE00.MA.IN,"Life expectancy at birth, male (years)",ML,Mali
MLT,2018,80.2,,0,SP.DYN.LE00.MA.IN,"Life expectancy at birth, male (years)",MT,Malta
MHL,2000,62.8,,0,SP.DYN.LE00.MA.IN,"Life expectancy at birth, male (years)",MH,Marshall Islands
MRT,2018,63.082,,0,SP.DYN.LE00.MA.IN,"Life expectancy at birth, male (years)",MR,Mauritania
MUS,2018,71.27,,0,SP.DYN.LE00.MA.IN,"Life expectancy at birth, male (years)",MU,Mauritius
MEX,2018,72.118,,0,SP.DYN.LE00.MA.IN,"Life expectancy at birth, male (years)",MX,Mexico
FSM,2018,66.117,,0,SP.DYN.LE00.MA.IN,"Life expectancy at birth, male (years)",FM,"Micronesia, Fed. Sts."
MDA,2018,67.53,,0,SP.DYN.LE00.MA.IN,"Life expectancy at birth, male (years)",MD,Moldova
MNG,2018,65.631,,0,SP.DYN.LE00.MA.IN,"Life expectancy at birth, male (years)",MN,Mongolia
MNE,2018,74.317,,0,SP.DYN.LE00.MA.IN,"Life expectancy at birth, male (years)",ME,Montenegro
MAR,2018,75.19,,0,SP.DYN.LE00.MA.IN,"Life expectancy at birth, male (years)",MA,Morocco
MOZ,2018,57.114,,0,SP.DYN.LE00.MA.IN,"Life expectancy at birth, male (years)",MZ,Mozambique
MMR,2018,63.761,,0,SP.DYN.LE00.MA.IN,"Life expectancy at birth, male (years)",MM,Myanmar
NAM,2018,60.357,,0,SP.DYN.LE00.MA.IN,"Life expectancy at birth, male (years)",NA,Namibia
NPL,2018,68.989,,0,SP.DYN.LE00.MA.IN,"Life expectancy at birth, male (years)",NP,Nepal
NLD,2018,80.2,,0,SP.DYN.LE00.MA.IN,"Life expectancy at birth, male (years)",NL,Netherlands
NCL,2018,75.1,,0,SP.DYN.LE00.MA.IN,"Life expectancy at birth, male (years)",NC,New Caledonia
NZL,2018,80.2,,0,SP.DYN.LE00.MA.IN,"Life expectancy at birth, male (years)",NZ,New Zealand
NIC,2018,70.741,,0,SP.DYN.LE00.MA.IN,"Life expectancy at birth, male (years)",NI,Nicaragua
NER,2018,60.9,,0,SP.DYN.LE00.MA.IN,"Life expectancy at birth, male (years)",NE,Niger
NGA,2018,53.45,,0,SP.DYN.LE00.MA.IN,"Life expectancy at birth, male (years)",NG,Nigeria
MKD,2018,73.684,,0,SP.DYN.LE00.MA.IN,"Life expectancy at birth, male (years)",MK,North Macedonia
NOR,2018,81.3,,0,SP.DYN.LE00.MA.IN,"Life expectancy at birth, male (years)",NO,Norway
OMN,2018,75.89,,0,SP.DYN.LE00.MA.IN,"Life expectancy at birth, male (years)",OM,Oman
PAK,2018,66.194,,0,SP.DYN.LE00.MA.IN,"Life expectancy at birth, male (years)",PK,Pakistan
PLW,2005,66.3,,0,SP.DYN.LE00.MA.IN,"Life expectancy at birth, male (years)",PW,Palau
PAN,2018,75.235,,0,SP.DYN.LE00.MA.IN,"Life expectancy at birth, male (years)",PA,Panama
PNG,2018,63.039,,0,SP.DYN.LE00.MA.IN,"Life expectancy at birth, male (years)",PG,Papua New Guinea
PRY,2018,72.159,,0,SP.DYN.LE00.MA.IN,"Life expectancy at birth, male (years)",PY,Paraguay
PER,2018,73.834,,0,SP.DYN.LE00.MA.IN,"Life expectancy at birth, male (years)",PE,Peru
PHL,2018,67.123,,0,SP.DYN.LE00.MA.IN,"Life expectancy at birth, male (years)",PH,Philippines
POL,2018,73.9,,0,SP.DYN.LE00.MA.IN,"Life expectancy at birth, male (years)",PL,Poland
PRT,2018,78.7,,0,SP.DYN.LE00.MA.IN,"Life expectancy at birth, male (years)",PT,Portugal
PRI,2018,76.346,,0,SP.DYN.LE00.MA.IN,"Life expectancy at birth, male (years)",PR,Puerto Rico
QAT,2018,78.981,,0,SP.DYN.LE00.MA.IN,"Life expectancy at birth, male (years)",QA,Qatar
ROU,2018,71.8,,0,SP.DYN.LE00.MA.IN,"Life expectancy at birth, male (years)",RO,Romania
RUS,2018,67.75,,0,SP.DYN.LE00.MA.IN,"Life expectancy at birth, male (years)",RU,Russian Federation
RWA,2018,66.518,,0,SP.DYN.LE00.MA.IN,"Life expectancy at birth, male (years)",RW,Rwanda
WSM,2018,71.197,,0,SP.DYN.LE00.MA.IN,"Life expectancy at birth, male (years)",WS,Samoa
SMR,2012,84.1,,0,SP.DYN.LE00.MA.IN,"Life expectancy at birth, male (years)",SM,San Marino
STP,2018,67.783,,0,SP.DYN.LE00.MA.IN,"Life expectancy at birth, male (years)",ST,Sao Tome and Principe
SAU,2018,73.799,,0,SP.DYN.LE00.MA.IN,"Life expectancy at birth, male (years)",SA,Saudi Arabia
SEN,2018,65.501,,0,SP.DYN.LE00.MA.IN,"Life expectancy at birth, male (years)",SN,Senegal
SRB,2018,73.1,,0,SP.DYN.LE00.MA.IN,"Life expectancy at birth, male (years)",RS,Serbia
SYC,2018,68.5,,0,SP.DYN.LE00.MA.IN,"Life expectancy at birth, male (years)",SC,Seychelles
SLE,2018,53.468,,0,SP.DYN.LE00.MA.IN,"Life expectancy at birth, male (years)",SL,Sierra Leone
SGP,2018,81.0,,0,SP.DYN.LE00.MA.IN,"Life expectancy at birth, male (years)",SG,Singapore
SXM,2016,74.0,,0,SP.DYN.LE00.MA.IN,"Life expectancy at birth, male (years)",SX,Sint Maarten (Dutch part)
SVK,2018,73.8,,0,SP.DYN.LE00.MA.IN,"Life expectancy at birth, male (years)",SK,Slovak Republic
SVN,2018,78.2,,0,SP.DYN.LE00.MA.IN,"Life expectancy at birth, male (years)",SI,Slovenia
SLB,2018,71.158,,0,SP.DYN.LE00.MA.IN,"Life expectancy at birth, male (years)",SB,Solomon Islands
SOM,2018,55.41,,0,SP.DYN.LE00.MA.IN,"Life expectancy at birth, male (years)",SO,Somalia
ZAF,2018,60.463,,0,SP.DYN.LE00.MA.IN,"Life expectancy at birth, male (years)",ZA,South Africa
SSD,2018,56.115,,0,SP.DYN.LE00.MA.IN,"Life expectancy at birth, male (years)",SS,South Sudan
ESP,2018,80.7,,0,SP.DYN.LE00.MA.IN,"Life expectancy at birth, male (years)",ES,Spain
LKA,2018,73.415,,0,SP.DYN.LE00.MA.IN,"Life expectancy at birth, male (years)",LK,Sri Lanka
KNA,2002,68.8,,0,SP.DYN.LE00.MA.IN,"Life expectancy at birth, male (years)",KN,St. Kitts and Nevis
LCA,2018,74.72,,0,SP.DYN.LE00.MA.IN,"Life expectancy at birth, male (years)",LC,St. Lucia
MAF,2018,76.7,,0,SP.DYN.LE00.MA.IN,"Life expectancy at birth, male (years)",MF,St. Martin (French part)
VCT,2018,70.182,,0,SP.DYN.LE00.MA.IN,"Life expectancy at birth, male (years)",VC,St. Vincent and the Grenadines
SDN,2018,63.277,,0,SP.DYN.LE00.MA.IN,"Life expectancy at birth, male (years)",SD,Sudan
SUR,2018,68.368,,0,SP.DYN.LE00.MA.IN,"Life expectancy at birth, male (years)",SR,Suriname
SWE,2018,81.0,,0,SP.DYN.LE00.MA.IN,"Life expectancy at birth, male (years)",SE,Sweden
CHE,2018,81.6,,0,SP.DYN.LE00.MA.IN,"Life expectancy at birth, male (years)",CH,Switzerland
SYR,2018,66.578,,0,SP.DYN.LE00.MA.IN,"Life expectancy at birth, male (years)",SY,Syrian Arab Republic
TJK,2018,68.727,,0,SP.DYN.LE00.MA.IN,"Life expectancy at birth, male (years)",TJ,Tajikistan
TZA,2018,63.17,,0,SP.DYN.LE00.MA.IN,"Life expectancy at birth, male (years)",TZ,Tanzania
THA,2018,73.228,,0,SP.DYN.LE00.MA.IN,"Life expectancy at birth, male (years)",TH,Thailand
TLS,2018,67.279,,0,SP.DYN.LE00.MA.IN,"Life expectancy at birth, male (years)",TL,Timor-Leste
TGO,2018,59.892,,0,SP.DYN.LE00.MA.IN,"Life expectancy at birth, male (years)",TG,Togo
TON,2018,68.877,,0,SP.DYN.LE00.MA.IN,"Life expectancy at birth, male (years)",TO,Tonga
TTO,2018,70.751,,0,SP.DYN.LE00.MA.IN,"Life expectancy at birth, male (years)",TT,Trinidad and Tobago
TUN,2018,74.493,,0,SP.DYN.LE00.MA.IN,"Life expectancy at birth, male (years)",TN,Tunisia
TUR,2018,74.447,,0,SP.DYN.LE00.MA.IN,"Life expectancy at birth, male (years)",TR,Turkey
TKM,2018,64.603,,0,SP.DYN.LE00.MA.IN,"Life expectancy at birth, male (years)",TM,Turkmenistan
UGA,2018,60.655,,0,SP.DYN.LE00.MA.IN,"Life expectancy at birth, male (years)",UG,Uganda
UKR,2018,66.69,,0,SP.DYN.LE00.MA.IN,"Life expectancy at birth, male (years)",UA,Ukraine
ARE,2018,77.133,,0,SP.DYN.LE00.MA.IN,"Life expectancy at birth, male (years)",AE,United Arab Emirates
GBR,2018,79.6,,0,SP.DYN.LE00.MA.IN,"Life expectancy at birth, male (years)",GB,United Kingdom
USA,2018,76.1,,0,SP.DYN.LE00.MA.IN,"Life expectancy at birth, male (years)",US,United States
URY,2018,73.958,,0,SP.DYN.LE00.MA.IN,"Life expectancy at birth, male (years)",UY,Uruguay
UZB,2018,69.445,,0,SP.DYN.LE00.MA.IN,"Life expectancy at birth, male (years)",UZ,Uzbekistan
VUT,2018,68.847,,0,SP.DYN.LE00.MA.IN,"Life expectancy at birth, male (years)",VU,Vanuatu
VEN,2018,68.398,,0,SP.DYN.LE00.MA.IN,"Life expectancy at birth, male (years)",VE,"Venezuela, RB"
VNM,2018,71.207,,0,SP.DYN.LE00.MA.IN,"Life expectancy at birth, male (years)",VN,Vietnam
VIR,2018,76.3,,0,SP.DYN.LE00.MA.IN,"Life expectancy at birth, male (years)",VI,Virgin Islands (U.S.)
PSE,2018,72.263,,0,SP.DYN.LE00.MA.IN,"Life expectancy at birth, male (years)",PS,West Bank and Gaza
YEM,2018,64.418,,0,SP.DYN.LE00.MA.IN,"Life expectancy at birth, male (years)",YE,"Yemen, Rep."
ZMB,2018,60.533,,0,SP.DYN.LE00.MA.IN,"Life expectancy at birth, male (years)",ZM,Zambia
ZWE,2018,59.501,,0,SP.DYN.LE00.MA.IN,"Life expectancy at birth, male (years)",ZW,Zimbabwe
ARB,2017,73.4933662533549,,0,SP.DYN.LE00.FE.IN,"Life expectancy at birth, female (years)",1A,Arab World
CSS,2017,75.7746745302104,,0,SP.DYN.LE00.FE.IN,"Life expectancy at birth, female (years)",S3,Caribbean small states
CEB,2017,80.8829291478305,,0,SP.DYN.LE00.FE.IN,"Life expectancy at birth, female (years)",B8,Central Europe and the Baltics
EAR,2017,72.1599272001174,,0,SP.DYN.LE00.FE.IN,"Life expectancy at birth, female (years)",V2,Early-demographic dividend
EAS,2017,78.5071334833693,,0,SP.DYN.LE00.FE.IN,"Life expectancy at birth, female (years)",Z4,East Asia & Pacific
EAP,2017,77.5631021007142,,0,SP.DYN.LE00.FE.IN,"Life expectancy at birth, female (years)",4E,East Asia & Pacific (excluding high income)
TEA,2017,77.5918593474197,,0,SP.DYN.LE00.FE.IN,"Life expectancy at birth, female (years)",T4,East Asia & Pacific (IDA & IBRD countries)
EMU,2017,84.6707941359919,,0,SP.DYN.LE00.FE.IN,"Life expectancy at birth, female (years)",XC,Euro area
ECS,2017,81.0382247767992,,0,SP.DYN.LE00.FE.IN,"Life expectancy at birth, female (years)",Z7,Europe & Central Asia
ECA,2017,77.4806481795123,,0,SP.DYN.LE00.FE.IN,"Life expectancy at birth, female (years)",7E,Europe & Central Asia (excluding high income)
TEC,2017,77.8836544586063,,0,SP.DYN.LE00.FE.IN,"Life expectancy at birth, female (years)",T7,Europe & Central Asia (IDA & IBRD countries)
EUU,2018,83.7651168780458,,0,SP.DYN.LE00.FE.IN,"Life expectancy at birth, female (years)",EU,European Union
FCS,2018,63.1994767906155,,0,SP.DYN.LE00.FE.IN,"Life expectancy at birth, female (years)",F1,Fragile and conflict affected situations
HPC,2017,64.4857339646215,,0,SP.DYN.LE00.FE.IN,"Life expectancy at birth, female (years)",XE,Heavily indebted poor countries (HIPC)
,2017,83.4028360691814,,0,SP.DYN.LE00.FE.IN,"Life expectancy at birth, female (years)",XD,High income
IBD,2017,75.6365958028124,,0,SP.DYN.LE00.FE.IN,"Life expectancy at birth, female (years)",XF,IBRD only
IBT,2017,73.088611694327,,0,SP.DYN.LE00.FE.IN,"Life expectancy at birth, female (years)",ZT,IDA & IBRD total
IDB,2017,63.2132995966613,,0,SP.DYN.LE00.FE.IN,"Life expectancy at birth, female (years)",XH,IDA blend
IDX,2017,66.880136921282,,0,SP.DYN.LE00.FE.IN,"Life expectancy at birth, female (years)",XI,IDA only
IDA,2017,65.6509677233221,,0,SP.DYN.LE00.FE.IN,"Life expectancy at birth, female (years)",XG,IDA total
LTE,2017,78.8549803869206,,0,SP.DYN.LE00.FE.IN,"Life expectancy at birth, female (years)",V3,Late-demographic dividend
LCN,2017,78.4728743718559,,0,SP.DYN.LE00.FE.IN,"Life expectancy at birth, female (years)",ZJ,Latin America & Caribbean
LAC,2017,78.2969098279599,,0,SP.DYN.LE00.FE.IN,"Life expectancy at birth, female (years)",XJ,Latin America & Caribbean (excluding high income)
TLA,2017,78.4062532071662,,0,SP.DYN.LE00.FE.IN,"Life expectancy at birth, female (years)",T2,Latin America & the Caribbean (IDA & IBRD countries)
LDC,2017,66.5845354613761,,0,SP.DYN.LE00.FE.IN,"Life expectancy at birth, female (years)",XL,Least developed countries: UN classification
LMY,2017,73.0135095932639,,0,SP.DYN.LE00.FE.IN,"Life expectancy at birth, female (years)",XO,Low & middle income
,2017,65.3007937791827,,0,SP.DYN.LE00.FE.IN,"Life expectancy at birth, female (years)",XM,Low income
,2017,70.1068520403359,,0,SP.DYN.LE00.FE.IN,"Life expectancy at birth, female (years)",XN,Lower middle income
MEA,2017,75.731778615608,,0,SP.DYN.LE00.FE.IN,"Life expectancy at birth, female (years)",ZQ,Middle East & North Africa
MNA,2017,75.3351521364804,,0,SP.DYN.LE00.FE.IN,"Life expectancy at birth, female (years)",XQ,Middle East & North Africa (excluding high income)
TMN,2017,75.3338336382715,,0,SP.DYN.LE00.FE.IN,"Life expectancy at birth, female (years)",T3,Middle East & North Africa (IDA & IBRD countries)
MIC,2017,73.9765718678173,,0,SP.DYN.LE00.FE.IN,"Life expectancy at birth, female (years)",XP,Middle income
NAC,2017,81.4233983857273,,0,SP.DYN.LE00.FE.IN,"Life expectancy at birth, female (years)",XU,North America
OED,2017,82.8527805808872,,0,SP.DYN.LE00.FE.IN,"Life expectancy at birth, female (years)",OE,OECD members
OSS,2017,69.8572023755639,,0,SP.DYN.LE00.FE.IN,"Life expectancy at birth, female (years)",S4,Other small states
PSS,2017,71.7029553818487,,0,SP.DYN.LE00.FE.IN,"Life expectancy at birth, female (years)",S2,Pacific island small states
PST,2017,83.3473634671467,,0,SP.DYN.LE00.FE.IN,"Life expectancy at birth, female (years)",V4,Post-demographic dividend
PRE,2017,62.0443765000524,,0,SP.DYN.LE00.FE.IN,"Life expectancy at birth, female (years)",V1,Pre-demographic dividend
SST,2017,71.1030236005978,,0,SP.DYN.LE00.FE.IN,"Life expectancy at birth, female (years)",S1,Small states
SAS,2017,70.5057232380422,,0,SP.DYN.LE00.FE.IN,"Life expectancy at birth, female (years)",8S,South Asia
TSA,2017,70.5057232380422,,0,SP.DYN.LE00.FE.IN,"Life expectancy at birth, female (years)",T5,South Asia (IDA & IBRD)
SSF,2017,62.6316908721786,,0,SP.DYN.LE00.FE.IN,"Life expectancy at birth, female (years)",ZG,Sub-Saharan Africa
SSA,2017,62.6302858663227,,0,SP.DYN.LE00.FE.IN,"Life expectancy at birth, female (years)",ZF,Sub-Saharan Africa (excluding high income)
TSS,2017,62.6316908721786,,0,SP.DYN.LE00.FE.IN,"Life expectancy at birth, female (years)",T6,Sub-Saharan Africa (IDA & IBRD countries)
,2017,78.2892735456006,,0,SP.DYN.LE00.FE.IN,"Life expectancy at birth, female (years)",XT,Upper middle income
WLD,2017,74.7009571789143,,0,SP.DYN.LE00.FE.IN,"Life expectancy at birth, female (years)",1W,World
AFG,2018,66.026,,0,SP.DYN.LE00.FE.IN,"Life expectancy at birth, female (years)",AF,Afghanistan
ALB,2018,80.167,,0,SP.DYN.LE00.FE.IN,"Life expectancy at birth, female (years)",AL,Albania
DZA,2018,77.938,,0,SP.DYN.LE00.FE.IN,"Life expectancy at birth, female (years)",DZ,Algeria
AGO,2018,63.666,,0,SP.DYN.LE00.FE.IN,"Life expectancy at birth, female (years)",AO,Angola
ATG,2018,77.983,,0,SP.DYN.LE00.FE.IN,"Life expectancy at birth, female (years)",AG,Antigua and Barbuda
ARG,2018,79.863,,0,SP.DYN.LE00.FE.IN,"Life expectancy at birth, female (years)",AR,Argentina
ARM,2018,78.354,,0,SP.DYN.LE00.FE.IN,"Life expectancy at birth, female (years)",AM,Armenia
ABW,2018,78.507,,0,SP.DYN.LE00.FE.IN,"Life expectancy at birth, female (years)",AW,Aruba
AUS,2018,84.9,,0,SP.DYN.LE00.FE.IN,"Life expectancy at birth, female (years)",AU,Australia
AUT,2018,84.0,,0,SP.DYN.LE00.FE.IN,"Life expectancy at birth, female (years)",AT,Austria
AZE,2018,75.336,,0,SP.DYN.LE00.FE.IN,"Life expectancy at birth, female (years)",AZ,Azerbaijan
BHS,2018,75.911,,0,SP.DYN.LE00.FE.IN,"Life expectancy at birth, female (years)",BS,"Bahamas, The"
BHR,2018,78.285,,0,SP.DYN.LE00.FE.IN,"Life expectancy at birth, female (years)",BH,Bahrain
BGD,2018,74.291,,0,SP.DYN.LE00.FE.IN,"Life expectancy at birth, female (years)",BD,Bangladesh
BRB,2018,80.392,,0,SP.DYN.LE00.FE.IN,"Life expectancy at birth, female (years)",BB,Barbados
BLR,2018,79.4,,0,SP.DYN.LE00.FE.IN,"Life expectancy at birth, female (years)",BY,Belarus
BEL,2018,83.9,,0,SP.DYN.LE00.FE.IN,"Life expectancy at birth, female (years)",BE,Belgium
BLZ,2018,77.666,,0,SP.DYN.LE00.FE.IN,"Life expectancy at birth, female (years)",BZ,Belize
BEN,2018,63.003,,0,SP.DYN.LE00.FE.IN,"Life expectancy at birth, female (years)",BJ,Benin
BMU,2018,85.57,,0,SP.DYN.LE00.FE.IN,"Life expectancy at birth, female (years)",BM,Bermuda
BTN,2018,71.816,,0,SP.DYN.LE00.FE.IN,"Life expectancy at birth, female (years)",BT,Bhutan
BOL,2018,74.209,,0,SP.DYN.LE00.FE.IN,"Life expectancy at birth, female (years)",BO,Bolivia
BIH,2018,79.72,,0,SP.DYN.LE00.FE.IN,"Life expectancy at birth, female (years)",BA,Bosnia and Herzegovina
BWA,2018,72.049,,0,SP.DYN.LE00.FE.IN,"Life expectancy at birth, female (years)",BW,Botswana
BRA,2018,79.362,,0,SP.DYN.LE00.FE.IN,"Life expectancy at birth, female (years)",BR,Brazil
BRN,2018,76.96,,0,SP.DYN.LE00.FE.IN,"Life expectancy at birth, female (years)",BN,Brunei Darussalam
BGR,2018,78.4,,0,SP.DYN.LE00.FE.IN,"Life expectancy at birth, female (years)",BG,Bulgaria
BFA,2018,61.863,,0,SP.DYN.LE00.FE.IN,"Life expectancy at birth, female (years)",BF,Burkina Faso
BDI,2018,63.031,,0,SP.DYN.LE00.FE.IN,"Life expectancy at birth, female (years)",BI,Burundi
CPV,2018,76.007,,0,SP.DYN.LE00.FE.IN,"Life expectancy at birth, female (years)",CV,Cabo Verde
KHM,2018,71.629,,0,SP.DYN.LE00.FE.IN,"Life expectancy at birth, female (years)",KH,Cambodia
CMR,2018,60.192,,0,SP.DYN.LE00.FE.IN,"Life expectancy at birth, female (years)",CM,Cameroon
CAN,2018,84.1,,0,SP.DYN.LE00.FE.IN,"Life expectancy at birth, female (years)",CA,Canada
CYM,2010,84.7,,0,SP.DYN.LE00.FE.IN,"Life expectancy at birth, female (years)",KY,Cayman Islands
CAF,2018,54.991,,0,SP.DYN.LE00.FE.IN,"Life expectancy at birth, female (years)",CF,Central African Republic
TCD,2018,55.4,,0,SP.DYN.LE00.FE.IN,"Life expectancy at birth, female (years)",TD,Chad
CHI,2018,84.798,,0,SP.DYN.LE00.FE.IN,"Life expectancy at birth, female (years)",JG,Channel Islands
CHL,2018,82.381,,0,SP.DYN.LE00.FE.IN,"Life expectancy at birth, female (years)",CL,Chile
CHN,2018,79.051,,0,SP.DYN.LE00.FE.IN,"Life expectancy at birth, female (years)",CN,China
COL,2018,79.859,,0,SP.DYN.LE00.FE.IN,"Life expectancy at birth, female (years)",CO,Colombia
COM,2018,65.9,,0,SP.DYN.LE00.FE.IN,"Life expectancy at birth, female (years)",KM,Comoros
COD,2018,61.901,,0,SP.DYN.LE00.FE.IN,"Life expectancy at birth, female (years)",CD,"Congo, Dem. Rep."
COG,2018,65.703,,0,SP.DYN.LE00.FE.IN,"Life expectancy at birth, female (years)",CG,"Congo, Rep."
CRI,2018,82.73,,0,SP.DYN.LE00.FE.IN,"Life expectancy at birth, female (years)",CR,Costa Rica
CIV,2018,58.741,,0,SP.DYN.LE00.FE.IN,"Life expectancy at birth, female (years)",CI,Cote d'Ivoire
HRV,2018,81.4,,0,SP.DYN.LE00.FE.IN,"Life expectancy at birth, female (years)",HR,Croatia
CUB,2018,80.706,,0,SP.DYN.LE00.FE.IN,"Life expectancy at birth, female (years)",CU,Cuba
CUW,2017,81.5,,0,SP.DYN.LE00.FE.IN,"Life expectancy at birth, female (years)",CW,Curacao
CYP,2018,82.913,,0,SP.DYN.LE00.FE.IN,"Life expectancy at birth, female (years)",CY,Cyprus
CZE,2018,82.0,,0,SP.DYN.LE00.FE.IN,"Life expectancy at birth, female (years)",CZ,Czech Republic
DNK,2018,83.4,,0,SP.DYN.LE00.FE.IN,"Life expectancy at birth, female (years)",DK,Denmark
DJI,2018,68.778,,0,SP.DYN.LE00.FE.IN,"Life expectancy at birth, female (years)",DJ,Djibouti
DMA,2002,78.8,,0,SP.DYN.LE00.FE.IN,"Life expectancy at birth, female (years)",DM,Dominica
DOM,2018,77.196,,0,SP.DYN.LE00.FE.IN,"Life expectancy at birth, female (years)",DO,Dominican Republic
ECU,2018,79.645,,0,SP.DYN.LE00.FE.IN,"Life expectancy at birth, female (years)",EC,Ecuador
EGY,2018,74.162,,0,SP.DYN.LE00.FE.IN,"Life expectancy at birth, female (years)",EG,"Egypt, Arab Rep."
SLV,2018,77.635,,0,SP.DYN.LE00.FE.IN,"Life expectancy at birth, female (years)",SV,El Salvador
GNQ,2018,59.587,,0,SP.DYN.LE00.FE.IN,"Life expectancy at birth, female (years)",GQ,Equatorial Guinea
ERI,2018,68.162,,0,SP.DYN.LE00.FE.IN,"Life expectancy at birth, female (years)",ER,Eritrea
EST,2018,83.0,,0,SP.DYN.LE00.FE.IN,"Life expectancy at birth, female (years)",EE,Estonia
SWZ,2018,63.968,,0,SP.DYN.LE00.FE.IN,"Life expectancy at birth, female (years)",SZ,Eswatini
ETH,2018,68.165,,0,SP.DYN.LE00.FE.IN,"Life expectancy at birth, female (years)",ET,Ethiopia
FRO,2018,84.7,,0,SP.DYN.LE00.FE.IN,"Life expectancy at birth, female (years)",FO,Faroe Islands
FJI,2018,69.178,,0,SP.DYN.LE00.FE.IN,"Life expectancy at birth, female (years)",FJ,Fiji
FIN,2018,84.6,,0,SP.DYN.LE00.FE.IN,"Life expectancy at birth, female (years)",FI,Finland
FRA,2018,85.6,,0,SP.DYN.LE00.FE.IN,"Life expectancy at birth, female (years)",FR,France
PYF,2018,79.725,,0,SP.DYN.LE00.FE.IN,"Life expectancy at birth, female (years)",PF,French Polynesia
GAB,2018,68.323,,0,SP.DYN.LE00.FE.IN,"Life expectancy at birth, female (years)",GA,Gabon
GMB,2018,63.151,,0,SP.DYN.LE00.FE.IN,"Life expectancy at birth, female (years)",GM,"Gambia, The"
GEO,2018,77.989,,0,SP.DYN.LE00.FE.IN,"Life expectancy at birth, female (years)",GE,Georgia
DEU,2018,83.4,,0,SP.DYN.LE00.FE.IN,"Life expectancy at birth, female (years)",DE,Germany
GHA,2018,64.852,,0,SP.DYN.LE00.FE.IN,"Life expectancy at birth, female (years)",GH,Ghana
GRC,2018,83.9,,0,SP.DYN.LE00.FE.IN,"Life expectancy at birth, female (years)",GR,Greece
GRL,2016,73.0,,0,SP.DYN.LE00.FE.IN,"Life expectancy at birth, female (years)",GL,Greenland
GRD,2018,74.941,,0,SP.DYN.LE00.FE.IN,"Life expectancy at birth, female (years)",GD,Grenada
GUM,2018,83.365,,0,SP.DYN.LE00.FE.IN,"Life expectancy at birth, female (years)",GU,Guam
GTM,2018,76.937,,0,SP.DYN.LE00.FE.IN,"Life expectancy at birth, female (years)",GT,Guatemala
GIN,2018,61.666,,0,SP.DYN.LE00.FE.IN,"Life expectancy at birth, female (years)",GN,Guinea
GNB,2018,59.913,,0,SP.DYN.LE00.FE.IN,"Life expectancy at birth, female (years)",GW,Guinea-Bissau
GUY,2018,72.972,,0,SP.DYN.LE00.FE.IN,"Life expectancy at birth, female (years)",GY,Guyana
HTI,2018,65.832,,0,SP.DYN.LE00.FE.IN,"Life expectancy at birth, female (years)",HT,Haiti
HND,2018,77.378,,0,SP.DYN.LE00.FE.IN,"Life expectancy at birth, female (years)",HN,Honduras
HKG,2018,87.7,,0,SP.DYN.LE00.FE.IN,"Life expectancy at birth, female (years)",HK,"Hong Kong SAR, China"
HUN,2018,79.3,,0,SP.DYN.LE00.FE.IN,"Life expectancy at birth, female (years)",HU,Hungary
ISL,2018,84.3,,0,SP.DYN.LE00.FE.IN,"Life expectancy at birth, female (years)",IS,Iceland
IND,2018,70.692,,0,SP.DYN.LE00.FE.IN,"Life expectancy at birth, female (years)",IN,India
IDN,2018,73.748,,0,SP.DYN.LE00.FE.IN,"Life expectancy at birth, female (years)",ID,Indonesia
IRN,2018,77.668,,0,SP.DYN.LE00.FE.IN,"Life expectancy at birth, female (years)",IR,"Iran, Islamic Rep."
IRQ,2018,72.486,,0,SP.DYN.LE00.FE.IN,"Life expectancy at birth, female (years)",IQ,Iraq
IRL,2018,84.4,,0,SP.DYN.LE00.FE.IN,"Life expectancy at birth, female (years)",IE,Ireland
IMN,2002,81.5,,0,SP.DYN.LE00.FE.IN,"Life expectancy at birth, female (years)",IM,Isle of Man
ISR,2018,84.8,,0,SP.DYN.LE00.FE.IN,"Life expectancy at birth, female (years)",IL,Israel
ITA,2018,85.2,,0,SP.DYN.LE00.FE.IN,"Life expectancy at birth, female (years)",IT,Italy
JAM,2018,75.993,,0,SP.DYN.LE00.FE.IN,"Life expectancy at birth, female (years)",JM,Jamaica
JPN,2018,87.32,,0,SP.DYN.LE00.FE.IN,"Life expectancy at birth, female (years)",JP,Japan
JOR,2018,76.175,,0,SP.DYN.LE00.FE.IN,"Life expectancy at birth, female (years)",JO,Jordan
KAZ,2018,77.19,,0,SP.DYN.LE00.FE.IN,"Life expectancy at birth, female (years)",KZ,Kazakhstan
KEN,2018,68.684,,0,SP.DYN.LE00.FE.IN,"Life expectancy at birth, female (years)",KE,Kenya
KIR,2018,72.113,,0,SP.DYN.LE00.FE.IN,"Life expectancy at birth, female (years)",KI,Kiribati
PRK,2018,75.549,,0,SP.DYN.LE00.FE.IN,"Life expectancy at birth, female (years)",KP,"Korea, Dem. Peopleâ€™s Rep."
KOR,2018,85.7,,0,SP.DYN.LE00.FE.IN,"Life expectancy at birth, female (years)",KR,"Korea, Rep."
XKX,2018,74.5,,0,SP.DYN.LE00.FE.IN,"Life expectancy at birth, female (years)",XK,Kosovo
KWT,2018,76.467,,0,SP.DYN.LE00.FE.IN,"Life expectancy at birth, female (years)",KW,Kuwait
KGZ,2018,75.6,,0,SP.DYN.LE00.FE.IN,"Life expectancy at birth, female (years)",KG,Kyrgyz Republic
LAO,2018,69.417,,0,SP.DYN.LE00.FE.IN,"Life expectancy at birth, female (years)",LA,Lao PDR
LVA,2018,79.8,,0,SP.DYN.LE00.FE.IN,"Life expectancy at birth, female (years)",LV,Latvia
LBN,2018,80.821,,0,SP.DYN.LE00.FE.IN,"Life expectancy at birth, female (years)",LB,Lebanon
LSO,2018,56.954,,0,SP.DYN.LE00.FE.IN,"Life expectancy at birth, female (years)",LS,Lesotho
LBR,2018,65.114,,0,SP.DYN.LE00.FE.IN,"Life expectancy at birth, female (years)",LR,Liberia
LBY,2018,75.788,,0,SP.DYN.LE00.FE.IN,"Life expectancy at birth, female (years)",LY,Libya
LIE,2018,86.0,,0,SP.DYN.LE00.FE.IN,"Life expectancy at birth, female (years)",LI,Liechtenstein
LTU,2018,80.9,,0,SP.DYN.LE00.FE.IN,"Life expectancy at birth, female (years)",LT,Lithuania
LUX,2018,84.4,,0,SP.DYN.LE00.FE.IN,"Life expectancy at birth, female (years)",LU,Luxembourg
MAC,2018,87.051,,0,SP.DYN.LE00.FE.IN,"Life expectancy at birth, female (years)",MO,"Macao SAR, China"
MDG,2018,68.301,,0,SP.DYN.LE00.FE.IN,"Life expectancy at birth, female (years)",MG,Madagascar
MWI,2018,66.937,,0,SP.DYN.LE00.FE.IN,"Life expectancy at birth, female (years)",MW,Malawi
MYS,2018,78.167,,0,SP.DYN.LE00.FE.IN,"Life expectancy at birth, female (years)",MY,Malaysia
MDV,2018,80.499,,0,SP.DYN.LE00.FE.IN,"Life expectancy at birth, female (years)",MV,Maldives
MLI,2018,59.649,,0,SP.DYN.LE00.FE.IN,"Life expectancy at birth, female (years)",ML,Mali
MLT,2018,84.6,,0,SP.DYN.LE00.FE.IN,"Life expectancy at birth, female (years)",MT,Malta
MHL,2000,67.8,,0,SP.DYN.LE00.FE.IN,"Life expectancy at birth, female (years)",MH,Marshall Islands
MRT,2018,66.292,,0,SP.DYN.LE00.FE.IN,"Life expectancy at birth, female (years)",MR,Mauritania
MUS,2018,77.72,,0,SP.DYN.LE00.FE.IN,"Life expectancy at birth, female (years)",MU,Mauritius
MEX,2018,77.844,,0,SP.DYN.LE00.FE.IN,"Life expectancy at birth, female (years)",MX,Mexico
FSM,2018,69.454,,0,SP.DYN.LE00.FE.IN,"Life expectancy at birth, female (years)",FM,"Micronesia, Fed. Sts."
MDA,2018,76.074,,0,SP.DYN.LE00.FE.IN,"Life expectancy at birth, female (years)",MD,Moldova
MNG,2018,73.961,,0,SP.DYN.LE00.FE.IN,"Life expectancy at birth, female (years)",MN,Mongolia
MNE,2018,79.199,,0,SP.DYN.LE00.FE.IN,"Life expectancy at birth, female (years)",ME,Montenegro
MAR,2018,77.668,,0,SP.DYN.LE00.FE.IN,"Life expectancy at birth, female (years)",MA,Morocco
MOZ,2018,62.966,,0,SP.DYN.LE00.FE.IN,"Life expectancy at birth, female (years)",MZ,Mozambique
MMR,2018,69.874,,0,SP.DYN.LE00.FE.IN,"Life expectancy at birth, female (years)",MM,Myanmar
NAM,2018,66.18,,0,SP.DYN.LE00.FE.IN,"Life expectancy at birth, female (years)",NA,Namibia
NPL,2018,71.9,,0,SP.DYN.LE00.FE.IN,"Life expectancy at birth, female (years)",NP,Nepal
NLD,2018,83.4,,0,SP.DYN.LE00.FE.IN,"Life expectancy at birth, female (years)",NL,Netherlands
NCL,2018,79.3,,0,SP.DYN.LE00.FE.IN,"Life expectancy at birth, female (years)",NC,New Caledonia
NZL,2018,83.6,,0,SP.DYN.LE00.FE.IN,"Life expectancy at birth, female (years)",NZ,New Zealand
NIC,2018,77.77,,0,SP.DYN.LE00.FE.IN,"Life expectancy at birth, female (years)",NI,Nicaragua
NER,2018,63.212,,0,SP.DYN.LE00.FE.IN,"Life expectancy at birth, female (years)",NE,Niger
NGA,2018,55.244,,0,SP.DYN.LE00.FE.IN,"Life expectancy at birth, female (years)",NG,Nigeria
MKD,2018,77.736,,0,SP.DYN.LE00.FE.IN,"Life expectancy at birth, female (years)",MK,North Macedonia
NOR,2018,84.4,,0,SP.DYN.LE00.FE.IN,"Life expectancy at birth, female (years)",NO,Norway
OMN,2018,80.134,,0,SP.DYN.LE00.FE.IN,"Life expectancy at birth, female (years)",OM,Oman
PAK,2018,68.109,,0,SP.DYN.LE00.FE.IN,"Life expectancy at birth, female (years)",PK,Pakistan
PLW,2005,72.1,,0,SP.DYN.LE00.FE.IN,"Life expectancy at birth, female (years)",PW,Palau
PAN,2018,81.593,,0,SP.DYN.LE00.FE.IN,"Life expectancy at birth, female (years)",PA,Panama
PNG,2018,65.576,,0,SP.DYN.LE00.FE.IN,"Life expectancy at birth, female (years)",PG,Papua New Guinea
PRY,2018,76.25,,0,SP.DYN.LE00.FE.IN,"Life expectancy at birth, female (years)",PY,Paraguay
PER,2018,79.28,,0,SP.DYN.LE00.FE.IN,"Life expectancy at birth, female (years)",PE,Peru
PHL,2018,75.387,,0,SP.DYN.LE00.FE.IN,"Life expectancy at birth, female (years)",PH,Philippines
POL,2018,81.8,,0,SP.DYN.LE00.FE.IN,"Life expectancy at birth, female (years)",PL,Poland
PRT,2018,84.9,,0,SP.DYN.LE00.FE.IN,"Life expectancy at birth, female (years)",PT,Portugal
PRI,2018,83.382,,0,SP.DYN.LE00.FE.IN,"Life expectancy at birth, female (years)",PR,Puerto Rico
QAT,2018,81.876,,0,SP.DYN.LE00.FE.IN,"Life expectancy at birth, female (years)",QA,Qatar
ROU,2018,79.2,,0,SP.DYN.LE00.FE.IN,"Life expectancy at birth, female (years)",RO,Romania
RUS,2018,77.81,,0,SP.DYN.LE00.FE.IN,"Life expectancy at birth, female (years)",RU,Russian Federation
RWA,2018,70.784,,0,SP.DYN.LE00.FE.IN,"Life expectancy at birth, female (years)",RW,Rwanda
WSM,2018,75.325,,0,SP.DYN.LE00.FE.IN,"Life expectancy at birth, female (years)",WS,Samoa
SMR,2012,86.8,,0,SP.DYN.LE00.FE.IN,"Life expectancy at birth, female (years)",SM,San Marino
STP,2018,72.583,,0,SP.DYN.LE00.FE.IN,"Life expectancy at birth, female (years)",ST,Sao Tome and Principe
SAU,2018,76.615,,0,SP.DYN.LE00.FE.IN,"Life expectancy at birth, female (years)",SA,Saudi Arabia
SEN,2018,69.627,,0,SP.DYN.LE00.FE.IN,"Life expectancy at birth, female (years)",SN,Senegal
SRB,2018,78.1,,0,SP.DYN.LE00.FE.IN,"Life expectancy at birth, female (years)",RS,Serbia
SYC,2018,77.4,,0,SP.DYN.LE00.FE.IN,"Life expectancy at birth, female (years)",SC,Seychelles
SLE,2018,55.106,,0,SP.DYN.LE00.FE.IN,"Life expectancy at birth, female (years)",SL,Sierra Leone
SGP,2018,85.4,,0,SP.DYN.LE00.FE.IN,"Life expectancy at birth, female (years)",SG,Singapore
SXM,2016,82.8,,0,SP.DYN.LE00.FE.IN,"Life expectancy at birth, female (years)",SX,Sint Maarten (Dutch part)
SVK,2018,80.7,,0,SP.DYN.LE00.FE.IN,"Life expectancy at birth, female (years)",SK,Slovak Republic
SVN,2018,84.0,,0,SP.DYN.LE00.FE.IN,"Life expectancy at birth, female (years)",SI,Slovenia
SLB,2018,74.697,,0,SP.DYN.LE00.FE.IN,"Life expectancy at birth, female (years)",SB,Solomon Islands
SOM,2018,58.791,,0,SP.DYN.LE00.FE.IN,"Life expectancy at birth, female (years)",SO,Somalia
ZAF,2018,67.398,,0,SP.DYN.LE00.FE.IN,"Life expectancy at birth, female (years)",ZA,South Africa
SSD,2018,59.135,,0,SP.DYN.LE00.FE.IN,"Life expectancy at birth, female (years)",SS,South Sudan
ESP,2018,86.1,,0,SP.DYN.LE00.FE.IN,"Life expectancy at birth, female (years)",ES,Spain
LKA,2018,80.121,,0,SP.DYN.LE00.FE.IN,"Life expectancy at birth, female (years)",LK,Sri Lanka
KNA,2002,74.0,,0,SP.DYN.LE00.FE.IN,"Life expectancy at birth, female (years)",KN,St. Kitts and Nevis
LCA,2018,77.434,,0,SP.DYN.LE00.FE.IN,"Life expectancy at birth, female (years)",LC,St. Lucia
MAF,2018,83.2,,0,SP.DYN.LE00.FE.IN,"Life expectancy at birth, female (years)",MF,St. Martin (French part)
VCT,2018,75.007,,0,SP.DYN.LE00.FE.IN,"Life expectancy at birth, female (years)",VC,St. Vincent and the Grenadines
SDN,2018,66.947,,0,SP.DYN.LE00.FE.IN,"Life expectancy at birth, female (years)",SD,Sudan
SUR,2018,74.937,,0,SP.DYN.LE00.FE.IN,"Life expectancy at birth, female (years)",SR,Suriname
SWE,2018,84.1,,0,SP.DYN.LE00.FE.IN,"Life expectancy at birth, female (years)",SE,Sweden
CHE,2018,85.6,,0,SP.DYN.LE00.FE.IN,"Life expectancy at birth, female (years)",CH,Switzerland
SYR,2018,77.763,,0,SP.DYN.LE00.FE.IN,"Life expectancy at birth, female (years)",SY,Syrian Arab Republic
TJK,2018,73.177,,0,SP.DYN.LE00.FE.IN,"Life expectancy at birth, female (years)",TJ,Tajikistan
TZA,2018,66.824,,0,SP.DYN.LE00.FE.IN,"Life expectancy at birth, female (years)",TZ,Tanzania
THA,2018,80.704,,0,SP.DYN.LE00.FE.IN,"Life expectancy at birth, female (years)",TH,Thailand
TLS,2018,71.376,,0,SP.DYN.LE00.FE.IN,"Life expectancy at birth, female (years)",TL,Timor-Leste
TGO,2018,61.612,,0,SP.DYN.LE00.FE.IN,"Life expectancy at birth, female (years)",TG,Togo
TON,2018,72.763,,0,SP.DYN.LE00.FE.IN,"Life expectancy at birth, female (years)",TO,Tonga
TTO,2018,76.092,,0,SP.DYN.LE00.FE.IN,"Life expectancy at birth, female (years)",TT,Trinidad and Tobago
TUN,2018,78.536,,0,SP.DYN.LE00.FE.IN,"Life expectancy at birth, female (years)",TN,Tunisia
TUR,2018,80.336,,0,SP.DYN.LE00.FE.IN,"Life expectancy at birth, female (years)",TR,Turkey
TKM,2018,71.584,,0,SP.DYN.LE00.FE.IN,"Life expectancy at birth, female (years)",TM,Turkmenistan
UGA,2018,65.173,,0,SP.DYN.LE00.FE.IN,"Life expectancy at birth, female (years)",UG,Uganda
UKR,2018,76.72,,0,SP.DYN.LE00.FE.IN,"Life expectancy at birth, female (years)",UA,Ukraine
ARE,2018,79.164,,0,SP.DYN.LE00.FE.IN,"Life expectancy at birth, female (years)",AE,United Arab Emirates
GBR,2018,83.2,,0,SP.DYN.LE00.FE.IN,"Life expectancy at birth, female (years)",GB,United Kingdom
USA,2018,81.1,,0,SP.DYN.LE00.FE.IN,"Life expectancy at birth, female (years)",US,United States
URY,2018,81.359,,0,SP.DYN.LE00.FE.IN,"Life expectancy at birth, female (years)",UY,Uruguay
UZB,2018,73.676,,0,SP.DYN.LE00.FE.IN,"Life expectancy at birth, female (years)",UZ,Uzbekistan
VUT,2018,71.99,,0,SP.DYN.LE00.FE.IN,"Life expectancy at birth, female (years)",VU,Vanuatu
VEN,2018,76.074,,0,SP.DYN.LE00.FE.IN,"Life expectancy at birth, female (years)",VE,"Venezuela, RB"
VNM,2018,79.442,,0,SP.DYN.LE00.FE.IN,"Life expectancy at birth, female (years)",VN,Vietnam
VIR,2018,83.0,,0,SP.DYN.LE00.FE.IN,"Life expectancy at birth, female (years)",VI,Virgin Islands (U.S.)
PSE,2018,75.595,,0,SP.DYN.LE00.FE.IN,"Life expectancy at birth, female (years)",PS,West Bank and Gaza
YEM,2018,67.795,,0,SP.DYN.LE00.FE.IN,"Life expectancy at birth, female (years)",YE,"Yemen, Rep."
ZMB,2018,66.447,,0,SP.DYN.LE00.FE.IN,"Life expectancy at birth, female (years)",ZM,Zambia
ZWE,2018,62.598,,0,SP.DYN.LE00.FE.IN,"Life expectancy at birth, female (years)",ZW,Zimbabwe
